"matchData__matchExtended__homeTeamCard__id","matchData__matchExtended__homeTeamCard__name","matchData__matchExtended__homeTeamCard__abbreviation","matchData__matchExtended__homeTeamCard__lightLogoUrl","matchData__matchExtended__homeTeamCard__darkLogoUrl","matchData__matchExtended__homeTeamCard__color","matchData__matchExtended__awayTeamCard__id","matchData__matchExtended__awayTeamCard__name","matchData__matchExtended__awayTeamCard__abbreviation","matchData__matchExtended__awayTeamCard__lightLogoUrl","matchData__matchExtended__awayTeamCard__darkLogoUrl","matchData__matchExtended__awayTeamCard__color","matchData__matchExtended__competition__id","matchData__matchExtended__competition__competitionType","matchData__matchExtended__competition__sequence","matchData__matchExtended__match__id","matchData__matchExtended__match__playTime","matchData__matchExtended__match__status","matchData__matchExtended__match__vodLink","matchData__matchExtended__match__stageHomeTeamId","matchData__matchExtended__match__createdAt","matchData__matchExtended__match__updatedAt","matchData__matchExtended__match__displayStatus","matchData__matchExtended__result__homeTeamGamesWon","matchData__matchExtended__result__awayTeamGamesWon","matchData__matchExtended__result__winnerTeamId","matchData__matchExtended__result__loserTeamId","matchData__matchExtended__broadcastLinks__url","matchData__matchExtended__broadcastLinks__isDefault","matchData__matchExtended__broadcastLinks__broadcastPartnerId","matchData__matchExtended__broadcastLinks__broadcastPartnerName","matchData__matchExtended__broadcastLinks__broadcastPartnerLogo","matchData__matchExtended__broadcastLinks__videoID","matchData__matchExtended__images","matchData__matchGamesExtended__matchGame__id","matchData__matchGamesExtended__matchGame__matchId","matchData__matchGamesExtended__matchGame__number","matchData__matchGamesExtended__matchGame__map","matchData__matchGamesExtended__matchGame__mode","matchData__matchGamesExtended__matchGame__createdAt","matchData__matchGamesExtended__matchGame__updatedAt","matchData__matchGamesExtended__matchGame__gameMap__Version","matchData__matchGamesExtended__matchGame__gameMap__locale","matchData__matchGamesExtended__matchGame__gameMap__uid","matchData__matchGamesExtended__matchGame__gameMap__InProgress","matchData__matchGamesExtended__matchGame__gameMap__abbreviatedName","matchData__matchGamesExtended__matchGame__gameMap__createdAt","matchData__matchGamesExtended__matchGame__gameMap__createdBy","matchData__matchGamesExtended__matchGame__gameMap__description","matchData__matchGamesExtended__matchGame__gameMap__desktopImage__src","matchData__matchGamesExtended__matchGame__gameMap__displayName","matchData__matchGamesExtended__matchGame__gameMap__mapId","matchData__matchGamesExtended__matchGame__gameMap__mobileImage__src","matchData__matchGamesExtended__matchGame__gameMap__shareStatsImage__src","matchData__matchGamesExtended__matchGame__gameMap__title","matchData__matchGamesExtended__matchGame__gameMap__updatedAt","matchData__matchGamesExtended__matchGame__gameMap__updatedBy","matchData__matchGamesExtended__matchGame__gameMap__publishDetails__environment","matchData__matchGamesExtended__matchGame__gameMap__publishDetails__locale","matchData__matchGamesExtended__matchGame__gameMap__publishDetails__time","matchData__matchGamesExtended__matchGame__gameMap__publishDetails__user","matchData__matchGamesExtended__matchGameResult__hostGameScore","matchData__matchGamesExtended__matchGameResult__guestGameScore","matchData__matchGamesExtended__matchGameResult__winnerTeamId","matchData__matchGamesExtended__matchGameResult__loserTeamId","matchData__matchStats__isOmitted","matchData__matchStats__overall__|","matchData__matchStats__overall__|__id","matchData__matchStats__overall__|__programId","matchData__matchStats__overall__|__firstName","matchData__matchStats__overall__|__lastName","matchData__matchStats__overall__|__alias","matchData__matchStats__overall__|__headshot","matchData__matchStats__overall__|__socialNetworkHandles__socialNetworkType","matchData__matchStats__overall__|__socialNetworkHandles__handle","matchData__matchStats__overall__|__stats__id","matchData__matchStats__overall__|__stats__averageSpeed","matchData__matchStats__overall__|__stats__highestStreak","matchData__matchStats__overall__|__stats__untradedDeaths","matchData__matchStats__overall__|__stats__tradedDeaths","matchData__matchStats__overall__|__stats__inapplicableTradedKills","matchData__matchStats__overall__|__stats__inapplicableTradedDeaths","matchData__matchStats__overall__|__stats__damageTaken","matchData__matchStats__overall__|__stats__damageHealed","matchData__matchStats__overall__|__stats__tacticalsUsed","matchData__matchStats__overall__|__stats__lethalsUsed","matchData__matchStats__overall__|__stats__percentTimeMoving","matchData__matchStats__overall__|__stats__deadSilenceTime","matchData__matchStats__overall__|__stats__totalKills","matchData__matchStats__overall__|__stats__totalDeaths","matchData__matchStats__overall__|__stats__totalAssists","matchData__matchStats__overall__|__stats__totalScore","matchData__matchStats__overall__|__stats__totalShotsFired","matchData__matchStats__overall__|__stats__totalShotsHit","matchData__matchStats__overall__|__stats__totalShotsHead","matchData__matchStats__overall__|__stats__untradedKills","matchData__matchStats__overall__|__stats__tradedKills","matchData__matchStats__overall__|__stats__totalDamageDealt","matchData__matchStats__overall__|__stats__friendDamage","matchData__matchStats__overall__|__stats__totalTimeAlive","matchData__matchStats__overall__|__stats__totalDistanceTraveled","matchData__matchStats__overall__|__stats__hillTime","matchData__matchStats__overall__|__stats__contestedHillTime","matchData__matchStats__overall__|__stats__highestMultikill","matchData__matchStats__overall__|__stats__totalAces","matchData__matchStats__overall__|__stats__totalInVictimFovKills","matchData__matchStats__overall__|__stats__totalDefuserKills","matchData__matchStats__overall__|__stats__totalFirstBloodKills","matchData__matchStats__overall__|__stats__totalLongshotKills","matchData__matchStats__overall__|__stats__totalPlanterKills","matchData__matchStats__overall__|__stats__totalPointblankKills","matchData__matchStats__overall__|__stats__totalRevengeKills","matchData__matchStats__overall__|__stats__totalRotationKills","matchData__matchStats__overall__|__stats__totalInAttackerFovKills","matchData__matchStats__overall__|__stats__totalWallbangKills","matchData__matchStats__overall__|__stats__bombsPlanted","matchData__matchStats__overall__|__stats__bombsDefused","matchData__matchStats__overall__|__stats__sneakDefuses","matchData__matchStats__overall__|__stats__totalObjectivesCaptured","matchData__matchStats__overall__|__stats__objectiveTiersContributed","matchData__matchStats__overall__|__stats__killDeathRatio","matchData__matchStats__overall__|__stats__calculatedHillTime","matchData__matchStats__overall__|__stats__objective1Time","matchData__matchStats__overall__|__stats__objective2Time","matchData__matchStats__overall__|__stats__objective3Time","matchData__matchStats__overall__|__stats__objective4Time","matchData__matchStats__overall__|__stats__objective5Time","matchData__matchStats__matches__|","matchData__matchStats__matches__|__gameMap","matchData__matchStats__matches__|__gameMode","matchData__matchStats__matches__|__id","matchData__matchStats__matches__|__programId","matchData__matchStats__matches__|__firstName","matchData__matchStats__matches__|__lastName","matchData__matchStats__matches__|__alias","matchData__matchStats__matches__|__headshot","matchData__matchStats__matches__|__socialNetworkHandles__socialNetworkType","matchData__matchStats__matches__|__socialNetworkHandles__handle","matchData__matchStats__matches__|__stats__id","matchData__matchStats__matches__|__stats__averageSpeed","matchData__matchStats__matches__|__stats__highestStreak","matchData__matchStats__matches__|__stats__untradedDeaths","matchData__matchStats__matches__|__stats__tradedDeaths","matchData__matchStats__matches__|__stats__inapplicableTradedKills","matchData__matchStats__matches__|__stats__inapplicableTradedDeaths","matchData__matchStats__matches__|__stats__damageTaken","matchData__matchStats__matches__|__stats__damageHealed","matchData__matchStats__matches__|__stats__tacticalsUsed","matchData__matchStats__matches__|__stats__lethalsUsed","matchData__matchStats__matches__|__stats__percentTimeMoving","matchData__matchStats__matches__|__stats__deadSilenceTime","matchData__matchStats__matches__|__stats__totalKills","matchData__matchStats__matches__|__stats__totalDeaths","matchData__matchStats__matches__|__stats__totalAssists","matchData__matchStats__matches__|__stats__totalScore","matchData__matchStats__matches__|__stats__totalShotsFired","matchData__matchStats__matches__|__stats__totalShotsHit","matchData__matchStats__matches__|__stats__totalShotsHead","matchData__matchStats__matches__|__stats__untradedKills","matchData__matchStats__matches__|__stats__tradedKills","matchData__matchStats__matches__|__stats__totalDamageDealt","matchData__matchStats__matches__|__stats__friendDamage","matchData__matchStats__matches__|__stats__totalTimeAlive","matchData__matchStats__matches__|__stats__totalDistanceTraveled","matchData__matchStats__matches__|__stats__totalObjectivesCaptured","matchData__matchStats__matches__|__stats__objectiveTiersContributed","matchData__matchStats__matches__|__stats__bombsPlanted","matchData__matchStats__matches__|__stats__bombsDefused","matchData__matchStats__matches__|__stats__sneakDefuses","matchData__matchStats__matches__|__stats__hillTime","matchData__matchStats__matches__|__stats__contestedHillTime","matchData__matchStats__matches__|__stats__highestMultikill","matchData__matchStats__matches__|__stats__totalAces","matchData__matchStats__matches__|__stats__totalInVictimFovKills","matchData__matchStats__matches__|__stats__totalDefuserKills","matchData__matchStats__matches__|__stats__totalFirstBloodKills","matchData__matchStats__matches__|__stats__totalLongshotKills","matchData__matchStats__matches__|__stats__totalPlanterKills","matchData__matchStats__matches__|__stats__totalPointblankKills","matchData__matchStats__matches__|__stats__totalRevengeKills","matchData__matchStats__matches__|__stats__totalRotationKills","matchData__matchStats__matches__|__stats__totalInAttackerFovKills","matchData__matchStats__matches__|__stats__totalWallbangKills","matchData__matchStats__matches__|__stats__killDeathRatio","matchData__matchStats__matches__|__stats__calculatedHillTime","matchData__matchStats__matches__|__stats__objective1Time","matchData__matchStats__matches__|__stats__objective2Time","matchData__matchStats__matches__|__stats__objective3Time","matchData__matchStats__matches__|__stats__objective4Time","matchData__matchStats__matches__|__stats__objective5Time","Version","locale","uid","InProgress","contentOverlay__contentOverlayId","createdAt","createdBy","disableSentinelIncentiveTracking","enableMatchDetailRestriction","matchDetailRestriction__threshold","meta__assets__defaultPlayerAvatar__src","meta__assets__overallStatsBackground__src","meta__assets__overallStatsBackground__alt","meta__strings__completed","meta__strings__inProgress","meta__strings__scheduled","meta__strings__mapResults","meta__strings__playerName","meta__strings__roster","meta__strings__nextMatch","meta__strings__prevMatch","meta__strings__map","meta__strings__result","meta__strings__shareStatsRow__downloadButtonText","meta__strings__shareStatsRow__hideMapStatsText","meta__strings__shareStatsRow__newFeatureText","meta__strings__shareStatsRow__shareButtonText","meta__strings__shareStatsRow__shareStatsMessage","meta__strings__shareStatsRow__showMapStatsText","meta__strings__shareStatsRow__tweetPlaceholderText","meta__strings__statsTablesHeaders__overallMatchStats","meta__strings__statsTablesHeaders__statsPerMode","meta__strings__liveNowText","meta__strings__vodPlaceholderMessage","meta__statsStrings__title","meta__statsStrings__key","meta__statsStrings__value","meta__statsStrings__locale","meta__statsStrings__uid","meta__statsStrings__createdBy","meta__statsStrings__updatedBy","meta__statsStrings__createdAt","meta__statsStrings__updatedAt","meta__statsStrings__ContentTypeUid","meta__statsStrings__Version","meta__statsStrings__InProgress","meta__statsStrings__publishDetails__environment","meta__statsStrings__publishDetails__locale","meta__statsStrings__publishDetails__time","meta__statsStrings__publishDetails__user","meta__statsPlaceholderString","meta__omitListPlaceholderString","omittedMatches__src","title","updatedAt","updatedBy","videoOverlayOverride","publishDetails__environment","publishDetails__locale","publishDetails__time","publishDetails__user","displayVideoOverlay"
"9","Florida Mutineers","FLA","https://images.blz-contentstack.com/v3/assets/blta7b34f1f894a2422/blt9c8ae11aa1821247/5de851a6a94b7a59b710ec8a/FLA-MUT_Primary-Logo.svg?auto=webp","https://images.blz-contentstack.com/v3/assets/blta7b34f1f894a2422/blt9c8ae11aa1821247/5de851a6a94b7a59b710ec8a/FLA-MUT_Primary-Logo.svg?auto=webp","#025157","6","OpTic Texas","TX","https://images.blz-contentstack.com/v3/assets/blta7b34f1f894a2422/bltcb5e4a24009b9b39/618af24319501a1ef1912ef5/cdl_optic_texas_icon_ldark.svg?auto=webp","https://images.blz-contentstack.com/v3/assets/blta7b34f1f894a2422/blt4bee833057845797/618af2431bb8c23cf8bbede5/cdl_optic_texas_icon_light.svg?auto=webp","#000000","340","OPEN_MATCH","1","8640","1670189400","COMPLETED","https://www.youtube.com/watch?v=NVgdsH82WcQ","2717","1664399845","1670375496","FINAL","0","3","6","9","https://player.twitch.tv/?channel=CallofDuty","True","6","Twitch","https://images.blz-contentstack.com/v3/assets/blta7b34f1f894a2422/bltdb2c7f14ce0382be/5de85ffb0de8400c4c5ab9a4/Twitch.png","1849547856","https://www.callofdutyleague.com/8640/8640-map-1.png","19557","8640","0","Mercado Las Almas","CDL Hardpoint","1665609857","1670190917","4","en-us","blte7e5653a9db4791e","False","Mercado Las Almas","2022-11-09T00:53:49.990Z","blt85aae568f2119ad8","Mercado Las Almas","https://images.blz-contentstack.com/v3/assets/blta7b34f1f894a2422/blt456d46cae60eb124/636c14eb5e1b6d519cb60df5/cdl-map-256_marcado.webp?auto=webp","Mercado Las Almas","Mercado Las Almas","https://images.blz-contentstack.com/v3/assets/blta7b34f1f894a2422/bltf00c1bd11e973080/636c1510c9f65846aa12845b/cdl-map-600_mercado.webp?auto=webp","https://images.blz-contentstack.com/v3/assets/blta7b34f1f894a2422/bltc072be2f4185aad0/636c1e3f6f39e752dc3938ce/cdl-1920_0004_Mercado.jpg?auto=webp","Mercado Las Almas","2022-11-09T21:44:54.759Z","blt42192c9dc0a8617f","blt32369acdba41f6a8","en-us","2022-12-05T10:02:39.877Z","blte5475d8d4c1a4efe","202","250","6","9","False","hostTeam","33","2","Michael","Szymaniak","majormaniak","https://www.callofduty.com/content/dam/activision/in-game-asset/callofduty/cdl/en/headshots/33.png","TWITTER","https://twitter.com/majormaniak","33","141399.8671875","4","29","9","1","2","5222","1086","25","25","227","210","42","40","13","6240","791","217","28","30","11","5603","2","1525488","141399.8671875","64","3","0","0","32","0","1","4","0","1","6","0","42","0","0","0","0","2","7","1.05","00:00","00:00","00:00","00:00","00:00","00:00","hostTeam","Mercado Las Almas","CDL Hardpoint","33","2","Michael","Szymaniak","majormaniak","https://www.callofduty.com/content/dam/activision/in-game-asset/callofduty/cdl/en/headshots/33.png","TWITTER","https://twitter.com/majormaniak","33","182.86471557617188","4","14","6","0","0","2403","403","11","11","92","104","23","20","7","3740","384","121","17","17","6","2956","2","528800","58269.76953125","","","","","","64","3","0","0","15","0","0","2","0","0","4","0","23","0","1.15","00:00","00:00","00:00","00:00","00:00","00:00","263","en-us","bltd79e337aca601012","False","5siSqavvka1KhKQYf0vtCJ","2019-12-30T22:26:31.350Z","blt4f7f7256a2373fb7","False","True","15000","https://images.blz-contentstack.com/v3/assets/blta7b34f1f894a2422/bltba385d0631e29571/5de53306dc2ac60d1dd158bc/Default_Player_Headshot.png?auto=webp","https://images.blz-contentstack.com/v3/assets/blta7b34f1f894a2422/blt00943ca8d9fd1a95/62d679011aa84c11737bcd7b/cdl_map_stats-overall.jpg?auto=webp","","FINAL","IN PROGRESS","SCHEDULED","Map Results","Player Name","ROSTER","NEXT MATCH","PREV MATCH","Map","Result","Download","Hide map stats","New feature","Share","Share stats wherever you want!","Show map stats","Checkout the results of this match! #cdl","overall match stats","stats per mode","Live now","Match VOD will be available shortly!","Overall","overall","OVERALL","en-us","blt3c6adfa164d5c4d3","blte5475d8d4c1a4efe","blte5475d8d4c1a4efe","2022-04-20T12:21:46.588Z","2022-04-20T12:21:46.588Z","block_collection_strings","1","False","blt32369acdba41f6a8","en-us","2022-05-06T20:11:28.509Z","blt85aae568f2119ad8","Stats for this match not available yet. Check back later!","Player statistics are not available for this match","https://assets.blz-contentstack.com/v3/assets/blta7b34f1f894a2422/blt27713ba85406479b/63bf216a929fd075d61426c0/omitted_match_list_11123.json?auto=webp","Match Detail","2023-06-20T10:20:12.460Z","blt41ebe70fdd7751ca","False","blt32369acdba41f6a8","en-us","2023-06-20T10:20:17.397Z","blt41ebe70fdd7751ca","False"
"","","","","","","","","","","","","","","","","","","","","","","","","","","","","","","","","","https://www.callofdutyleague.com/8640/8640-map-2.png","19558","8640","1","Embassy","CDL SnD","1665609857","1670192373","5","en-us","blt6dc22929bb292794","False","Embassy","2022-11-09T00:53:34.076Z","blt85aae568f2119ad8","Embassy","https://images.blz-contentstack.com/v3/assets/blta7b34f1f894a2422/blt112cc8d178d91930/636c14ebf17951383bcfbc88/cdl-map-256_embassy.webp?auto=webp","Embassy","Embassy","https://images.blz-contentstack.com/v3/assets/blta7b34f1f894a2422/blt2ca44bf092b2fa44/636c1510c3b2be3d36ed1319/cdl-map-600_embassy.webp?auto=webp","https://images.blz-contentstack.com/v3/assets/blta7b34f1f894a2422/blte13b93cbbc2abcdc/636c1e3f56a62e51968cb282/cdl-1920_0005_Embassy.jpg?auto=webp","Embassy","2022-11-09T21:42:55.887Z","blt42192c9dc0a8617f","blt32369acdba41f6a8","en-us","2022-12-05T10:03:55.939Z","blte5475d8d4c1a4efe","3","6","6","9","","","49","2","Carson","Newberry","Brack","https://www.callofduty.com/content/dam/activision/in-game-asset/callofduty/cdl/en/headshots/49.png","TWITTER","https://twitter.com/BrackCN","49","119288.93920898438","5","28","12","0","0","4874","700","31","22","249","25","42","40","9","5200","710","194","19","30","12","4962","76","1050304","119288.93920898438","10","1","0","0","37","0","2","1","0","1","9","6","47","0","0","0","0","1","0","1.05","00:00","00:00","00:00","00:00","00:00","00:00","","Mercado Las Almas","CDL Hardpoint","49","2","Carson","Newberry","Brack","https://www.callofduty.com/content/dam/activision/in-game-asset/callofduty/cdl/en/headshots/49.png","TWITTER","https://twitter.com/BrackCN","49","172.7790069580078","5","10","9","0","0","2501","485","17","13","97","0","22","19","5","2950","378","96","8","17","5","2401","75","528096","57473.71875","","","","","","10","1","0","0","18","0","0","0","0","1","5","6","22","0","1.16","00:00","00:00","00:00","00:00","00:00","00:00","","","","","","","","","","","","","","","","","","","","","","","","","","","","","","","","","","","Player","player","PLAYER","en-us","blt6436954466fb3de5","blte5475d8d4c1a4efe","blte5475d8d4c1a4efe","2022-04-20T12:22:28.230Z","2022-04-20T12:22:28.230Z","block_collection_strings","1","False","blt32369acdba41f6a8","en-us","2022-05-06T20:11:28.524Z","blt85aae568f2119ad8","","","","","","","","","","","",""
"","","","","","","","","","","","","","","","","","","","","","","","","","","","","","","","","","https://www.callofdutyleague.com/8640/8640-map-3.png","19559","8640","2","Breenbergh Hotel","CDL Control","1665609857","1670193498","5","en-us","bltab7a33edbf6dcfc4","False","Breenbergh Hotel","2022-11-09T00:53:04.918Z","blt85aae568f2119ad8","Breenbergh Hotel","https://images.blz-contentstack.com/v3/assets/blta7b34f1f894a2422/blt40d49d85bb7d2c49/636c14eb3debb436bf972bdd/cdl-map-256_breenburgh_hotel.webp?auto=webp","Breenbergh Hotel","Breenbergh Hotel","https://images.blz-contentstack.com/v3/assets/blta7b34f1f894a2422/blt32587d48f533dc08/636c1510f17951383bcfbc8c/cdl-map-600_breeburgh_hotel.webp?auto=webp","https://images.blz-contentstack.com/v3/assets/blta7b34f1f894a2422/blt6b987db91f9770f9/636c1e3fabdffc469fad216b/cdl-1920_0002_Breenburgh_Hotel.jpg?auto=webp","Breenburgh Hotel","2022-12-03T02:04:30.718Z","blt85aae568f2119ad8","blt32369acdba41f6a8","en-us","2022-12-05T10:02:00.334Z","blte5475d8d4c1a4efe","0","3","6","9","","","","","","","","","TWITCH","https://www.twitch.tv/CarsonBrack","","","","","","","","","","","","","","","","","","","","","","","","","","","","","","","","","","","","","","","","","","","","","","","","","","","","","","","","","","","","","","TWITCH","https://www.twitch.tv/CarsonBrack","","","","","","","","","","","","","","","","","","","","","","","","","","","","","","","","","","","","","","","","","","","","","","","","","","","","","","","","","","","","","","","","","","","","","","","","","","","","","","","","","","","","","","","Kills Death","kills_death","KILLS/DEATHS","en-us","bltec27dd9039626178","blte5475d8d4c1a4efe","blte5475d8d4c1a4efe","2022-04-20T12:23:49.050Z","2022-04-20T12:23:49.050Z","block_collection_strings","1","False","blt32369acdba41f6a8","en-us","2022-05-06T20:11:28.539Z","blt85aae568f2119ad8","","","","","","","","","","","",""
"","","","","","","","","","","","","","","","","","","","","","","","","","","","","","","","","","https://www.callofdutyleague.com/8640/8640-overall.png","19560","8640","3","Embassy","CDL Hardpoint","1665609857","1670186479","5","en-us","blt6dc22929bb292794","False","Embassy","2022-11-09T00:53:34.076Z","blt85aae568f2119ad8","Embassy","https://images.blz-contentstack.com/v3/assets/blta7b34f1f894a2422/blt112cc8d178d91930/636c14ebf17951383bcfbc88/cdl-map-256_embassy.webp?auto=webp","Embassy","Embassy","https://images.blz-contentstack.com/v3/assets/blta7b34f1f894a2422/blt2ca44bf092b2fa44/636c1510c3b2be3d36ed1319/cdl-map-600_embassy.webp?auto=webp","https://images.blz-contentstack.com/v3/assets/blta7b34f1f894a2422/blte13b93cbbc2abcdc/636c1e3f56a62e51968cb282/cdl-1920_0005_Embassy.jpg?auto=webp","Embassy","2022-11-09T21:42:55.887Z","blt42192c9dc0a8617f","blt32369acdba41f6a8","en-us","2022-12-05T10:03:55.939Z","blte5475d8d4c1a4efe","","","","","","","117","2","Colt","McLendon","Havok","https://www.callofduty.com/content/dam/activision/in-game-asset/callofduty/cdl/en/headshots/117.png","TWITTER","https://twitter.com/ColtHavok","117","155260.154296875","2","39","18","0","1","6423","599","18","10","232","220","29","57","15","4445","553","163","11","19","10","4198","178","1416992","155260.154296875","37","1","0","0","21","0","2","0","0","1","5","4","29","0","0","0","0","2","3","0.51","00:00","00:00","00:00","00:00","00:00","00:00","","Mercado Las Almas","CDL Hardpoint","117","2","Colt","McLendon","Havok","https://www.callofduty.com/content/dam/activision/in-game-asset/callofduty/cdl/en/headshots/117.png","TWITTER","https://twitter.com/ColtHavok","117","187.8737030029297","2","19","10","0","0","3275","375","10","4","91","103","14","28","9","2745","266","72","6","8","6","1956","0","491792","59984.69921875","","","","","","37","1","0","0","11","0","0","0","0","0","2","4","14","0","0.50","00:00","00:00","00:00","00:00","00:00","00:00","","","","","","","","","","","","","","","","","","","","","","","","","","","","","","","","","","","KD Ratio","k_d_ratio","K/D RATIO","en-us","blt4a77f8a26957ee12","blte5475d8d4c1a4efe","blte5475d8d4c1a4efe","2022-04-20T12:24:45.495Z","2022-04-21T13:02:11.590Z","block_collection_strings","2","False","blt32369acdba41f6a8","en-us","2022-05-06T20:11:28.553Z","blt85aae568f2119ad8","","","","","","","","","","","",""
"","","","","","","","","","","","","","","","","","","","","","","","","","","","","","","","","","","19561","8640","4","Mercado Las Almas","CDL SnD","1665609857","1670186487","4","en-us","blte7e5653a9db4791e","False","Mercado Las Almas","2022-11-09T00:53:49.990Z","blt85aae568f2119ad8","Mercado Las Almas","https://images.blz-contentstack.com/v3/assets/blta7b34f1f894a2422/blt456d46cae60eb124/636c14eb5e1b6d519cb60df5/cdl-map-256_marcado.webp?auto=webp","Mercado Las Almas","Mercado Las Almas","https://images.blz-contentstack.com/v3/assets/blta7b34f1f894a2422/bltf00c1bd11e973080/636c1510c9f65846aa12845b/cdl-map-600_mercado.webp?auto=webp","https://images.blz-contentstack.com/v3/assets/blta7b34f1f894a2422/bltc072be2f4185aad0/636c1e3f6f39e752dc3938ce/cdl-1920_0004_Mercado.jpg?auto=webp","Mercado Las Almas","2022-11-09T21:44:54.759Z","blt42192c9dc0a8617f","blt32369acdba41f6a8","en-us","2022-12-05T10:02:39.877Z","blte5475d8d4c1a4efe","","","","","","","","","","","","","TWITCH","https://www.twitch.tv/colthavok","","","","","","","","","","","","","","","","","","","","","","","","","","","","","","","","","","","","","","","","","","","","","","","","","","","","","","","","","","","","","","TWITCH","https://www.twitch.tv/colthavok","","","","","","","","","","","","","","","","","","","","","","","","","","","","","","","","","","","","","","","","","","","","","","","","","","","","","","","","","","","","","","","","","","","","","","","","","","","","","","","","","","","","","","","Assists","assists","ASSISTS","en-us","blt111cd17d050b5523","blte5475d8d4c1a4efe","blte5475d8d4c1a4efe","2022-04-20T12:25:33.706Z","2022-04-20T12:25:33.706Z","block_collection_strings","1","False","blt32369acdba41f6a8","en-us","2022-05-06T20:11:28.568Z","blt85aae568f2119ad8","","","","","","","","","","","",""
"","","","","","","","","","","","","","","","","","","","","","","","","","","","","","","","","","","","","","","","","","","","","","","","","","","","","","","","","","","","","","","","","","","","530","2","Javier ","Milagro","Vikul","https://www.callofduty.com/content/dam/activision/in-game-asset/callofduty/cdl/en/headshots/530.png","","","530","114517.23181152344","4","29","11","0","0","5037","759","32","22","238","0","34","40","8","6405","555","155","23","27","7","4172","30","1056880","114517.23181152344","138","26","0","0","37","0","4","2","1","1","9","4","43","0","0","0","0","2","8","0.85","00:00","00:00","00:00","00:00","00:00","00:00","","Mercado Las Almas","CDL Hardpoint","530","2","Javier ","Milagro","Vikul","https://www.callofduty.com/content/dam/activision/in-game-asset/callofduty/cdl/en/headshots/530.png","","","530","174.3373565673828","4","18","5","0","0","2802","464","16","14","88","0","21","23","4","4555","273","90","19","16","5","2566","0","521152","52811.69140625","","","","","","138","26","0","0","18","0","0","0","0","0","4","4","21","0","0.91","00:00","00:00","00:00","00:00","00:00","00:00","","","","","","","","","","","","","","","","","","","","","","","","","","","","","","","","","","","Non-Traded Kills","non_traded_kills","NON-TRADED KILLS","en-us","bltdb2e714af6d57ca7","blte5475d8d4c1a4efe","blte5475d8d4c1a4efe","2022-04-20T12:27:06.577Z","2022-04-20T12:27:06.577Z","block_collection_strings","1","False","blt32369acdba41f6a8","en-us","2022-05-06T20:11:28.584Z","blt85aae568f2119ad8","","","","","","","","","","","",""
"","","","","","","","","","","","","","","","","","","","","","","","","","","","","","","","","","","","","","","","","","","","","","","","","","","","","","","","","","","","","","","","","","","guestTeam","42","2","Anthony","Cuevas-Castro","Shotzzy","https://www.callofduty.com/content/dam/activision/in-game-asset/callofduty/cdl/en/headshots/42.png","TWITTER","https://twitter.com/Shotzzy","42","135460.56991577148","9","23","8","0","0","4570","1301","18","18","245","195","44","31","8","6310","644","182","14","34","10","4591","1","982624","135460.56991577148","67","5","0","0","40","0","1","1","0","3","4","6","47","0","0","0","0","2","3","1.42","00:00","00:00","00:00","00:00","00:00","00:00","","Embassy","CDL SnD","33","2","Michael","Szymaniak","majormaniak","https://www.callofduty.com/content/dam/activision/in-game-asset/callofduty/cdl/en/headshots/33.png","TWITTER","https://twitter.com/majormaniak","33","64.96694946289062","2","4","1","1","2","935","123","5","8","45","18","5","7","3","500","137","20","1","2","2","679","0","445760","27909.48828125","","","0","0","0","","","0","0","5","0","1","2","0","1","0","0","5","0","0.71","00:00","00:00","00:00","00:00","00:00","00:00","","","","","","","","","","","","","","","","","","","","","","","","","","","","","","","","","","","Highest Streak","highest_streak","HIGHEST STREAK","en-us","bltfd9f83ff6495553b","blte5475d8d4c1a4efe","blte5475d8d4c1a4efe","2022-04-20T12:28:07.137Z","2022-04-20T12:28:07.137Z","block_collection_strings","1","False","blt32369acdba41f6a8","en-us","2022-05-06T20:11:28.605Z","blt85aae568f2119ad8","","","","","","","","","","","",""
"","","","","","","","","","","","","","","","","","","","","","","","","","","","","","","","","","","","","","","","","","","","","","","","","","","","","","","","","","","","","","","","","","","","47","2","Indervir ","Dhaliwal","iLLeY","https://www.callofduty.com/content/dam/activision/in-game-asset/callofduty/cdl/en/headshots/47.png","TWITTER","https://twitter.com/iLLeYYY","47","155101.8359375","3","35","14","2","1","5760","696","4","18","247","103","48","50","10","6545","814","203","20","30","16","5773","102","1525952","155101.8359375","32","5","0","0","41","0","2","1","1","1","8","3","47","0","0","1","0","1","0","0.96","00:00","00:00","00:00","00:00","00:00","00:00","","Embassy","CDL SnD","49","2","Carson","Newberry","Brack","https://www.callofduty.com/content/dam/activision/in-game-asset/callofduty/cdl/en/headshots/49.png","TWITTER","https://twitter.com/BrackCN","49","194.81382751464844","0","0","0","0","0","0","0","0","0","55","0","0","0","0","0","0","0","0","0","0","0","0","13712","1594.962646484375","","","0","0","0","","","0","0","4","0","2","1","0","0","0","0","5","0","NaN","00:00","00:00","00:00","00:00","00:00","00:00","","","","","","","","","","","","","","","","","","","","","","","","","","","","","","","","","","","Damage","damage","DAMAGE","en-us","bltab925065e2e3f8af","blte5475d8d4c1a4efe","blte5475d8d4c1a4efe","2022-04-20T12:29:53.558Z","2022-04-20T12:29:53.558Z","block_collection_strings","1","False","blt32369acdba41f6a8","en-us","2022-05-06T20:11:28.620Z","blt85aae568f2119ad8","","","","","","","","","","","",""
"","","","","","","","","","","","","","","","","","","","","","","","","","","","","","","","","","","","","","","","","","","","","","","","","","","","","","","","","","","","","","","","","","","","98","2","Brandon","Otell","Dashy","https://www.callofduty.com/content/dam/activision/in-game-asset/callofduty/cdl/en/headshots/98.png","TWITTER","https://twitter.com/DashySZN","98","160048.39453125","4","20","13","0","1","4642","1091","28","21","257","63","45","34","16","6735","894","240","32","35","10","5922","60","1754752","160048.39453125","71","21","0","0","40","0","1","3","0","1","7","4","45","0","0","0","0","1","4","1.32","00:00","00:00","00:00","00:00","00:00","00:00","","","","","","","","","","TWITCH","https://www.twitch.tv/CarsonBrack","","","","","","","","","","","","","","","","","","","","","","","","","","","","","","","","","","","","","","","","","","","","","","","","","","","","","","","","","","","","","","","","","","","","","","","","","","","","","","","","","","","","","","","Search & Destroy","search_and_destroy","Search & Destroy","en-us","blt3558f609ea8624ce","blte5475d8d4c1a4efe","blte5475d8d4c1a4efe","2022-04-20T12:30:54.421Z","2022-04-20T12:30:54.421Z","block_collection_strings","1","False","blt32369acdba41f6a8","en-us","2022-05-06T20:11:28.641Z","blt85aae568f2119ad8","","","","","","","","","","","",""
"","","","","","","","","","","","","","","","","","","","","","","","","","","","","","","","","","","","","","","","","","","","","","","","","","","","","","","","","","","","","","","","","","","","","","","","","","TWITCH","https://www.twitch.tv/Dashy","","","","","","","","","","","","","","","","","","","","","","","","","","","","","","","","","","","","","","","","","","","","","","","","","","","","","","Embassy","CDL SnD","117","2","Colt","McLendon","Havok","https://www.callofduty.com/content/dam/activision/in-game-asset/callofduty/cdl/en/headshots/117.png","TWITTER","https://twitter.com/ColtHavok","117","65.07198333740234","1","5","2","0","1","904","104","2","3","45","29","4","8","0","400","55","22","1","4","0","448","0","413824","30553.005859375","","","0","0","0","","","0","0","3","0","2","0","0","0","0","0","4","0","0.50","00:00","00:00","00:00","00:00","00:00","00:00","","","","","","","","","","","","","","","","","","","","","","","","","","","","","","","","","","","First Blood","first_blood","FIRST BLOOD","en-us","blt3c7ba0bc19c0668a","blte5475d8d4c1a4efe","blte5475d8d4c1a4efe","2022-04-20T12:32:01.787Z","2022-04-20T12:32:07.296Z","block_collection_strings","2","False","blt32369acdba41f6a8","en-us","2022-05-06T20:11:28.659Z","blt85aae568f2119ad8","","","","","","","","","","","",""
"","","","","","","","","","","","","","","","","","","","","","","","","","","","","","","","","","","","","","","","","","","","","","","","","","","","","","","","","","","","","","","","","","","","108","2","Seth","Abner","Scump","https://www.callofduty.com/content/dam/activision/in-game-asset/callofduty/cdl/en/headshots/108.png","YOUTUBE_CHANNEL","https://www.youtube.com/user/Scumperjumper","108","112840.78875732422","5","27","7","0","0","4581","1125","16","13","240","200","39","34","14","6420","705","206","16","28","12","5196","106","1078624","112840.78875732422","112","1","0","0","40","0","0","1","0","1","9","1","52","0","0","0","0","1","6","1.15","00:00","00:00","00:00","00:00","00:00","00:00","","","","","","","","","","TWITCH","https://www.twitch.tv/colthavok","","","","","","","","","","","","","","","","","","","","","","","","","","","","","","","","","","","","","","","","","","","","","","","","","","","","","","","","","","","","","","","","","","","","","","","","","","","","","","","","","","","","","","","Plants","plants","PLANTS","en-us","blt0d2df53924027031","blte5475d8d4c1a4efe","blte5475d8d4c1a4efe","2022-04-20T12:32:30.747Z","2022-04-20T12:32:30.747Z","block_collection_strings","1","False","blt32369acdba41f6a8","en-us","2022-05-06T20:11:28.675Z","blt85aae568f2119ad8","","","","","","","","","","","",""
"","","","","","","","","","","","","","","","","","","","","","","","","","","","","","","","","","","","","","","","","","","","","","","","","","","","","","","","","","","","","","","","","","","","","","","","","","TWITTER","https://twitter.com/scump","","","","","","","","","","","","","","","","","","","","","","","","","","","","","","","","","","","","","","","","","","","","","","","","","","","","","","Embassy","CDL SnD","530","2","Javier ","Milagro","Vikul","https://www.callofduty.com/content/dam/activision/in-game-asset/callofduty/cdl/en/headshots/530.png","","","530","209.54132080078125","0","0","0","0","0","0","0","1","0","55","0","0","0","0","0","0","0","0","0","0","0","0","13712","1857.2435302734375","","","0","0","0","","","0","0","8","0","3","2","1","0","0","0","9","0","NaN","00:00","00:00","00:00","00:00","00:00","00:00","","","","","","","","","","","","","","","","","","","","","","","","","","","","","","","","","","","Defuses","defuses","DEFUSES","en-us","bltd974d3ebc0b872dc","blte5475d8d4c1a4efe","blte5475d8d4c1a4efe","2022-04-20T12:33:04.630Z","2022-04-20T13:35:33.814Z","block_collection_strings","2","False","blt32369acdba41f6a8","en-us","2022-05-06T20:11:28.696Z","blt85aae568f2119ad8","","","","","","","","","","","",""
"","","","","","","","","","","","","","","","","","","","","","","","","","","","","","","","","","","","","","","","","","","","","","","","","","","","","","","","","","","","","","","","","","","","","","","","","","TWITCH","https://www.twitch.tv/scump","","","","","","","","","","","","","","","","","","","","","","","","","","","","","","","","","","","","","","","","","","","","","","","","","","","","","","Breenbergh Hotel","CDL Control","33","2","Michael","Szymaniak","majormaniak","https://www.callofduty.com/content/dam/activision/in-game-asset/callofduty/cdl/en/headshots/33.png","TWITTER","https://twitter.com/majormaniak","33","174.89111328125","3","11","2","0","0","1884","560","9","6","90","88","14","13","3","2000","270","76","10","11","3","1968","0","550928","55220.609375","2","7","","","","","","0","0","12","0","0","0","0","0","2","0","14","0","1.08","00:00","00:00","00:00","00:00","00:00","00:00","","","","","","","","","","","","","","","","","","","","","","","","","","","","","","","","","","","Hardpoint","hardpoint","HARDPOINT","en-us","bltdeb81388e385d3ab","blte5475d8d4c1a4efe","blte5475d8d4c1a4efe","2022-04-20T12:33:38.961Z","2022-04-20T12:33:38.961Z","block_collection_strings","1","False","blt32369acdba41f6a8","en-us","2022-05-06T20:11:28.711Z","blt85aae568f2119ad8","","","","","","","","","","","",""
"","","","","","","","","","","","","","","","","","","","","","","","","","","","","","","","","","","","","","","","","","","","","","","","","","","","","","","","","","","","","","","","","","","","","","","","","","","","","","","","","","","","","","","","","","","","","","","","","","","","","","","","","","","","","","","","","","","","","","","","","","","","","","","","","Breenbergh Hotel","CDL Control","49","2","Carson","Newberry","Brack","https://www.callofduty.com/content/dam/activision/in-game-asset/callofduty/cdl/en/headshots/49.png","TWITTER","https://twitter.com/BrackCN","49","202.3935089111328","4","18","3","0","0","2373","215","14","9","97","25","20","21","4","2250","332","98","11","13","7","2561","1","508496","60220.2578125","1","0","","","","","","0","0","15","0","0","0","0","0","4","0","20","0","0.95","00:00","00:00","00:00","00:00","00:00","00:00","","","","","","","","","","","","","","","","","","","","","","","","","","","","","","","","","","","Hill Time","hill_time","HILL TIME","en-us","blt32d556145775bae2","blte5475d8d4c1a4efe","blte5475d8d4c1a4efe","2022-04-20T12:34:11.710Z","2022-04-20T12:34:11.710Z","block_collection_strings","1","False","blt32369acdba41f6a8","en-us","2022-05-06T20:11:28.734Z","blt85aae568f2119ad8","","","","","","","","","","","",""
"","","","","","","","","","","","","","","","","","","","","","","","","","","","","","","","","","","","","","","","","","","","","","","","","","","","","","","","","","","","","","","","","","","","","","","","","","","","","","","","","","","","","","","","","","","","","","","","","","","","","","","","","","","","","","","","","","","","","","","","","","","","","","","","","","","","","","","","","TWITCH","https://www.twitch.tv/CarsonBrack","","","","","","","","","","","","","","","","","","","","","","","","","","","","","","","","","","","","","","","","","","","","","","","","","","","","","","","","","","","","","","","","","","","","","","","","","","","","","","","","","","","","","","","Control","control","CONTROL","en-us","bltd4a8f8db6dc197de","blte5475d8d4c1a4efe","blte5475d8d4c1a4efe","2022-04-20T12:40:13.769Z","2022-04-20T13:37:20.762Z","block_collection_strings","2","False","blt32369acdba41f6a8","en-us","2022-05-06T20:11:28.759Z","blt85aae568f2119ad8","","","","","","","","","","","",""
"","","","","","","","","","","","","","","","","","","","","","","","","","","","","","","","","","","","","","","","","","","","","","","","","","","","","","","","","","","","","","","","","","","","","","","","","","","","","","","","","","","","","","","","","","","","","","","","","","","","","","","","","","","","","","","","","","","","","","","","","","","","","","","","","Breenbergh Hotel","CDL Control","117","2","Colt","McLendon","Havok","https://www.callofduty.com/content/dam/activision/in-game-asset/callofduty/cdl/en/headshots/117.png","TWITTER","https://twitter.com/ColtHavok","117","212.47645568847656","2","15","6","0","0","2244","120","6","3","96","88","11","21","6","1300","232","69","4","7","4","1794","178","511376","64722.44921875","2","3","","","","","","0","0","7","0","0","0","0","1","3","0","11","0","0.52","00:00","00:00","00:00","00:00","00:00","00:00","","","","","","","","","","","","","","","","","","","","","","","","","","","","","","","","","","","Zone Captures","zone_captures","ZONE CAPTURES","en-us","bltcc5d72653c58bcf2","blte5475d8d4c1a4efe","blte5475d8d4c1a4efe","2022-04-20T12:35:13.494Z","2022-04-20T12:35:36.828Z","block_collection_strings","2","False","blt32369acdba41f6a8","en-us","2022-05-06T20:11:28.775Z","blt85aae568f2119ad8","","","","","","","","","","","",""
"","","","","","","","","","","","","","","","","","","","","","","","","","","","","","","","","","","","","","","","","","","","","","","","","","","","","","","","","","","","","","","","","","","","","","","","","","","","","","","","","","","","","","","","","","","","","","","","","","","","","","","","","","","","","","","","","","","","","","","","","","","","","","","","","","","","","","","","","TWITCH","https://www.twitch.tv/colthavok","","","","","","","","","","","","","","","","","","","","","","","","","","","","","","","","","","","","","","","","","","","","","","","","","","","","","","","","","","","","","","","","","","","","","","","","","","","","","","","","","","","","","","","Zone Tiers Captured","zone_tiers_captured","ZONE TIERS CAPTURED","en-us","blt75b7443028275314","blte5475d8d4c1a4efe","blte5475d8d4c1a4efe","2022-04-20T12:36:25.520Z","2022-04-22T12:57:54.953Z","block_collection_strings","2","False","blt32369acdba41f6a8","en-us","2022-05-06T20:11:28.795Z","blt85aae568f2119ad8","","","","","","","","","","","",""
"","","","","","","","","","","","","","","","","","","","","","","","","","","","","","","","","","","","","","","","","","","","","","","","","","","","","","","","","","","","","","","","","","","","","","","","","","","","","","","","","","","","","","","","","","","","","","","","","","","","","","","","","","","","","","","","","","","","","","","","","","","","","","","","","Breenbergh Hotel","CDL Control","530","2","Javier ","Milagro","Vikul","https://www.callofduty.com/content/dam/activision/in-game-asset/callofduty/cdl/en/headshots/530.png","","","530","194.49124145507812","2","11","6","0","0","2235","295","15","8","95","0","13","17","4","1850","282","65","4","11","2","1606","30","522016","59848.296875","2","8","","","","","","0","0","11","0","1","0","0","1","5","0","13","0","0.76","00:00","00:00","00:00","00:00","00:00","00:00","","","","","","","","","","","","","","","","","","","","","","","","","","","","","","","","","","","Contested Hill Time","contested_hill_time","Contested Hill Time","en-us","bltf51c9ac662850634","bltfa272d477083cd41","bltfa272d477083cd41","2022-12-05T14:35:27.056Z","2022-12-05T14:35:27.056Z","block_collection_strings","1","False","blt32369acdba41f6a8","en-us","2022-12-06T07:49:02.219Z","bltfa272d477083cd41","","","","","","","","","","","",""
"","","","","","","","","","","","","","","","","","","","","","","","","","","","","","","","","","","","","","","","","","","","","","","","","","","","","","","","","","","","","","","","","","","","","","","","","","","","","","","","","","","","","","","","","","","","","","","","","","","","","","","","","","","","","","","","","","","","","","","","","","","","","","","","guestTeam","Mercado Las Almas","CDL Hardpoint","42","2","Anthony","Cuevas-Castro","Shotzzy","https://www.callofduty.com/content/dam/activision/in-game-asset/callofduty/cdl/en/headshots/42.png","TWITTER","https://twitter.com/Shotzzy","42","193.7001953125","7","12","5","0","0","2429","629","12","12","94","106","26","17","6","4260","343","104","11","20","6","2756","0","426736","67379.1484375","","","","","","67","5","0","0","23","0","0","0","0","0","3","6","26","0","1.53","00:00","00:00","00:00","00:00","00:00","00:00","","","","","","","","","","","","","","","","","","","","","","","","","","","","","","","","","","","","","","","","","","","","","","","","","","","","","","","","","","","","","",""
"","","","","","","","","","","","","","","","","","","","","","","","","","","","","","","","","","","","","","","","","","","","","","","","","","","","","","","","","","","","","","","","","","","","","","","","","","","","","","","","","","","","","","","","","","","","","","","","","","","","","","","","","","","","","","","","","","","","","","","","","","","","","","","","","Mercado Las Almas","CDL Hardpoint","47","2","Indervir ","Dhaliwal","iLLeY","https://www.callofduty.com/content/dam/activision/in-game-asset/callofduty/cdl/en/headshots/47.png","TWITTER","https://twitter.com/iLLeYYY","47","196.3814239501953","2","21","8","0","0","3197","247","2","6","93","0","19","29","4","2995","376","92","10","7","12","2320","102","490032","63451.57421875","","","","","","32","5","0","0","18","0","1","0","0","0","3","3","19","0","0.66","00:00","00:00","00:00","00:00","00:00","00:00","","","","","","","","","","","","","","","","","","","","","","","","","","","","","","","","","","","","","","","","","","","","","","","","","","","","","","","","","","","","","",""
"","","","","","","","","","","","","","","","","","","","","","","","","","","","","","","","","","","","","","","","","","","","","","","","","","","","","","","","","","","","","","","","","","","","","","","","","","","","","","","","","","","","","","","","","","","","","","","","","","","","","","","","","","","","","","","","","","","","","","","","","","","","","","","","","Mercado Las Almas","CDL Hardpoint","98","2","Brandon","Otell","Dashy","https://www.callofduty.com/content/dam/activision/in-game-asset/callofduty/cdl/en/headshots/98.png","TWITTER","https://twitter.com/DashySZN","98","158.31192016601562","4","10","7","0","0","2150","450","11","9","91","0","24","17","7","3960","385","118","11","17","7","3015","0","558096","57865.140625","","","","","","71","21","0","0","21","0","0","0","0","1","5","4","24","0","1.41","00:00","00:00","00:00","00:00","00:00","00:00","","","","","","","","","","","","","","","","","","","","","","","","","","","","","","","","","","","","","","","","","","","","","","","","","","","","","","","","","","","","","",""
"","","","","","","","","","","","","","","","","","","","","","","","","","","","","","","","","","","","","","","","","","","","","","","","","","","","","","","","","","","","","","","","","","","","","","","","","","","","","","","","","","","","","","","","","","","","","","","","","","","","","","","","","","","","","","","","","","","","","","","","","","","","","","","","","","","","","","","","","TWITCH","https://www.twitch.tv/Dashy","","","","","","","","","","","","","","","","","","","","","","","","","","","","","","","","","","","","","","","","","","","","","","","","","","","","","","","","","","","","","","","","","","","","","","","","","","","","","","","","","","","","","","","","","","","","","","","","","","","","","","","","","","","","","","","","","",""
"","","","","","","","","","","","","","","","","","","","","","","","","","","","","","","","","","","","","","","","","","","","","","","","","","","","","","","","","","","","","","","","","","","","","","","","","","","","","","","","","","","","","","","","","","","","","","","","","","","","","","","","","","","","","","","","","","","","","","","","","","","","","","","","","Mercado Las Almas","CDL Hardpoint","108","2","Seth","Abner","Scump","https://www.callofduty.com/content/dam/activision/in-game-asset/callofduty/cdl/en/headshots/108.png","YOUTUBE_CHANNEL","https://www.youtube.com/user/Scumperjumper","108","162.6027069091797","5","15","2","0","0","2305","605","8","8","92","107","21","17","6","3920","363","114","11","17","5","2813","100","538224","56339.578125","","","","","","112","1","0","0","18","0","0","0","0","1","5","1","23","0","1.24","00:00","00:00","00:00","00:00","00:00","00:00","","","","","","","","","","","","","","","","","","","","","","","","","","","","","","","","","","","","","","","","","","","","","","","","","","","","","","","","","","","","","",""
"","","","","","","","","","","","","","","","","","","","","","","","","","","","","","","","","","","","","","","","","","","","","","","","","","","","","","","","","","","","","","","","","","","","","","","","","","","","","","","","","","","","","","","","","","","","","","","","","","","","","","","","","","","","","","","","","","","","","","","","","","","","","","","","","","","","","","","","","TWITTER","https://twitter.com/scump","","","","","","","","","","","","","","","","","","","","","","","","","","","","","","","","","","","","","","","","","","","","","","","","","","","","","","","","","","","","","","","","","","","","","","","","","","","","","","","","","","","","","","","","","","","","","","","","","","","","","","","","","","","","","","","","","",""
"","","","","","","","","","","","","","","","","","","","","","","","","","","","","","","","","","","","","","","","","","","","","","","","","","","","","","","","","","","","","","","","","","","","","","","","","","","","","","","","","","","","","","","","","","","","","","","","","","","","","","","","","","","","","","","","","","","","","","","","","","","","","","","","","","","","","","","","","TWITCH","https://www.twitch.tv/scump","","","","","","","","","","","","","","","","","","","","","","","","","","","","","","","","","","","","","","","","","","","","","","","","","","","","","","","","","","","","","","","","","","","","","","","","","","","","","","","","","","","","","","","","","","","","","","","","","","","","","","","","","","","","","","","","","",""
"","","","","","","","","","","","","","","","","","","","","","","","","","","","","","","","","","","","","","","","","","","","","","","","","","","","","","","","","","","","","","","","","","","","","","","","","","","","","","","","","","","","","","","","","","","","","","","","","","","","","","","","","","","","","","","","","","","","","","","","","","","","","","","","","Embassy","CDL SnD","42","2","Anthony","Cuevas-Castro","Shotzzy","https://www.callofduty.com/content/dam/activision/in-game-asset/callofduty/cdl/en/headshots/42.png","TWITTER","https://twitter.com/Shotzzy","42","54.204647064208984","0","0","0","0","0","0","0","0","0","55","0","0","0","0","0","0","0","0","0","0","0","0","13712","488.8902282714844","","","0","0","0","","","0","0","2","0","1","1","0","0","0","0","3","0","NaN","00:00","00:00","00:00","00:00","00:00","00:00","","","","","","","","","","","","","","","","","","","","","","","","","","","","","","","","","","","","","","","","","","","","","","","","","","","","","","","","","","","","","",""
"","","","","","","","","","","","","","","","","","","","","","","","","","","","","","","","","","","","","","","","","","","","","","","","","","","","","","","","","","","","","","","","","","","","","","","","","","","","","","","","","","","","","","","","","","","","","","","","","","","","","","","","","","","","","","","","","","","","","","","","","","","","","","","","","Embassy","CDL SnD","47","2","Indervir ","Dhaliwal","iLLeY","https://www.callofduty.com/content/dam/activision/in-game-asset/callofduty/cdl/en/headshots/47.png","TWITTER","https://twitter.com/iLLeYYY","47","77.30921173095703","3","2","3","2","1","785","185","2","5","58","15","9","6","1","1075","85","20","1","6","1","1022","0","498864","38775.953125","","","0","1","0","","","0","0","7","0","0","0","1","0","0","0","9","0","1.50","00:00","00:00","00:00","00:00","00:00","00:00","","","","","","","","","","","","","","","","","","","","","","","","","","","","","","","","","","","","","","","","","","","","","","","","","","","","","","","","","","","","","",""
"","","","","","","","","","","","","","","","","","","","","","","","","","","","","","","","","","","","","","","","","","","","","","","","","","","","","","","","","","","","","","","","","","","","","","","","","","","","","","","","","","","","","","","","","","","","","","","","","","","","","","","","","","","","","","","","","","","","","","","","","","","","","","","","","Embassy","CDL SnD","98","2","Brandon","Otell","Dashy","https://www.callofduty.com/content/dam/activision/in-game-asset/callofduty/cdl/en/headshots/98.png","TWITTER","https://twitter.com/DashySZN","98","113.11729431152344","3","3","1","0","1","691","191","7","9","77","63","5","5","2","625","219","47","6","5","0","1029","0","643792","52954.87109375","","","0","0","0","","","0","0","5","0","0","1","0","0","0","0","5","0","1.00","00:00","00:00","00:00","00:00","00:00","00:00","","","","","","","","","","","","","","","","","","","","","","","","","","","","","","","","","","","","","","","","","","","","","","","","","","","","","","","","","","","","","",""
"","","","","","","","","","","","","","","","","","","","","","","","","","","","","","","","","","","","","","","","","","","","","","","","","","","","","","","","","","","","","","","","","","","","","","","","","","","","","","","","","","","","","","","","","","","","","","","","","","","","","","","","","","","","","","","","","","","","","","","","","","","","","","","","","","","","","","","","","TWITCH","https://www.twitch.tv/Dashy","","","","","","","","","","","","","","","","","","","","","","","","","","","","","","","","","","","","","","","","","","","","","","","","","","","","","","","","","","","","","","","","","","","","","","","","","","","","","","","","","","","","","","","","","","","","","","","","","","","","","","","","","","","","","","","","","",""
"","","","","","","","","","","","","","","","","","","","","","","","","","","","","","","","","","","","","","","","","","","","","","","","","","","","","","","","","","","","","","","","","","","","","","","","","","","","","","","","","","","","","","","","","","","","","","","","","","","","","","","","","","","","","","","","","","","","","","","","","","","","","","","","","Embassy","CDL SnD","108","2","Seth","Abner","Scump","https://www.callofduty.com/content/dam/activision/in-game-asset/callofduty/cdl/en/headshots/108.png","YOUTUBE_CHANNEL","https://www.youtube.com/user/Scumperjumper","108","178.8222198486328","0","0","0","0","0","0","0","0","0","55","0","0","0","0","0","0","0","0","0","0","0","0","13712","871.9215698242188","","","0","0","0","","","0","0","7","0","0","1","0","0","0","0","11","0","NaN","00:00","00:00","00:00","00:00","00:00","00:00","","","","","","","","","","","","","","","","","","","","","","","","","","","","","","","","","","","","","","","","","","","","","","","","","","","","","","","","","","","","","",""
"","","","","","","","","","","","","","","","","","","","","","","","","","","","","","","","","","","","","","","","","","","","","","","","","","","","","","","","","","","","","","","","","","","","","","","","","","","","","","","","","","","","","","","","","","","","","","","","","","","","","","","","","","","","","","","","","","","","","","","","","","","","","","","","","","","","","","","","","TWITTER","https://twitter.com/scump","","","","","","","","","","","","","","","","","","","","","","","","","","","","","","","","","","","","","","","","","","","","","","","","","","","","","","","","","","","","","","","","","","","","","","","","","","","","","","","","","","","","","","","","","","","","","","","","","","","","","","","","","","","","","","","","","",""
"","","","","","","","","","","","","","","","","","","","","","","","","","","","","","","","","","","","","","","","","","","","","","","","","","","","","","","","","","","","","","","","","","","","","","","","","","","","","","","","","","","","","","","","","","","","","","","","","","","","","","","","","","","","","","","","","","","","","","","","","","","","","","","","","","","","","","","","","TWITCH","https://www.twitch.tv/scump","","","","","","","","","","","","","","","","","","","","","","","","","","","","","","","","","","","","","","","","","","","","","","","","","","","","","","","","","","","","","","","","","","","","","","","","","","","","","","","","","","","","","","","","","","","","","","","","","","","","","","","","","","","","","","","","","",""
"","","","","","","","","","","","","","","","","","","","","","","","","","","","","","","","","","","","","","","","","","","","","","","","","","","","","","","","","","","","","","","","","","","","","","","","","","","","","","","","","","","","","","","","","","","","","","","","","","","","","","","","","","","","","","","","","","","","","","","","","","","","","","","","","Breenbergh Hotel","CDL Control","42","2","Anthony","Cuevas-Castro","Shotzzy","https://www.callofduty.com/content/dam/activision/in-game-asset/callofduty/cdl/en/headshots/42.png","TWITTER","https://twitter.com/Shotzzy","42","202.3856201171875","9","11","3","0","0","2141","672","6","6","96","89","18","14","2","2050","301","78","3","14","4","1835","1","542176","67592.53125","2","3","","","","","","0","0","15","0","0","0","0","3","1","0","18","0","1.29","00:00","00:00","00:00","00:00","00:00","00:00","","","","","","","","","","","","","","","","","","","","","","","","","","","","","","","","","","","","","","","","","","","","","","","","","","","","","","","","","","","","","",""
"","","","","","","","","","","","","","","","","","","","","","","","","","","","","","","","","","","","","","","","","","","","","","","","","","","","","","","","","","","","","","","","","","","","","","","","","","","","","","","","","","","","","","","","","","","","","","","","","","","","","","","","","","","","","","","","","","","","","","","","","","","","","","","","","Breenbergh Hotel","CDL Control","47","2","Indervir ","Dhaliwal","iLLeY","https://www.callofduty.com/content/dam/activision/in-game-asset/callofduty/cdl/en/headshots/47.png","TWITTER","https://twitter.com/iLLeYYY","47","168.91909790039062","3","12","3","0","0","1778","264","0","7","96","88","20","15","5","2475","353","91","9","17","3","2431","0","537056","52874.30859375","1","0","","","","","","0","0","16","0","1","1","0","1","5","0","19","0","1.33","00:00","00:00","00:00","00:00","00:00","00:00","","","","","","","","","","","","","","","","","","","","","","","","","","","","","","","","","","","","","","","","","","","","","","","","","","","","","","","","","","","","","",""
"","","","","","","","","","","","","","","","","","","","","","","","","","","","","","","","","","","","","","","","","","","","","","","","","","","","","","","","","","","","","","","","","","","","","","","","","","","","","","","","","","","","","","","","","","","","","","","","","","","","","","","","","","","","","","","","","","","","","","","","","","","","","","","","","Breenbergh Hotel","CDL Control","98","2","Brandon","Otell","Dashy","https://www.callofduty.com/content/dam/activision/in-game-asset/callofduty/cdl/en/headshots/98.png","TWITTER","https://twitter.com/DashySZN","98","153.4810333251953","4","7","5","0","0","1801","450","10","3","89","0","16","12","7","2150","290","75","15","13","3","1878","60","552864","49228.3828125","1","4","","","","","","0","0","14","0","1","2","0","0","2","0","16","0","1.33","00:00","00:00","00:00","00:00","00:00","00:00","","","","","","","","","","","","","","","","","","","","","","","","","","","","","","","","","","","","","","","","","","","","","","","","","","","","","","","","","","","","","",""
"","","","","","","","","","","","","","","","","","","","","","","","","","","","","","","","","","","","","","","","","","","","","","","","","","","","","","","","","","","","","","","","","","","","","","","","","","","","","","","","","","","","","","","","","","","","","","","","","","","","","","","","","","","","","","","","","","","","","","","","","","","","","","","","","","","","","","","","","TWITCH","https://www.twitch.tv/Dashy","","","","","","","","","","","","","","","","","","","","","","","","","","","","","","","","","","","","","","","","","","","","","","","","","","","","","","","","","","","","","","","","","","","","","","","","","","","","","","","","","","","","","","","","","","","","","","","","","","","","","","","","","","","","","","","","","",""
"","","","","","","","","","","","","","","","","","","","","","","","","","","","","","","","","","","","","","","","","","","","","","","","","","","","","","","","","","","","","","","","","","","","","","","","","","","","","","","","","","","","","","","","","","","","","","","","","","","","","","","","","","","","","","","","","","","","","","","","","","","","","","","","","Breenbergh Hotel","CDL Control","108","2","Seth","Abner","Scump","https://www.callofduty.com/content/dam/activision/in-game-asset/callofduty/cdl/en/headshots/108.png","YOUTUBE_CHANNEL","https://www.youtube.com/user/Scumperjumper","108","172.33177185058594","3","12","5","0","0","2276","520","8","5","93","93","18","17","8","2500","342","92","5","11","7","2383","6","526688","55629.2890625","1","6","","","","","","0","0","15","0","0","0","0","0","4","0","18","0","1.06","00:00","00:00","00:00","00:00","00:00","00:00","","","","","","","","","","","","","","","","","","","","","","","","","","","","","","","","","","","","","","","","","","","","","","","","","","","","","","","","","","","","","",""
"","","","","","","","","","","","","","","","","","","","","","","","","","","","","","","","","","","","","","","","","","","","","","","","","","","","","","","","","","","","","","","","","","","","","","","","","","","","","","","","","","","","","","","","","","","","","","","","","","","","","","","","","","","","","","","","","","","","","","","","","","","","","","","","","","","","","","","","","TWITTER","https://twitter.com/scump","","","","","","","","","","","","","","","","","","","","","","","","","","","","","","","","","","","","","","","","","","","","","","","","","","","","","","","","","","","","","","","","","","","","","","","","","","","","","","","","","","","","","","","","","","","","","","","","","","","","","","","","","","","","","","","","","",""
"","","","","","","","","","","","","","","","","","","","","","","","","","","","","","","","","","","","","","","","","","","","","","","","","","","","","","","","","","","","","","","","","","","","","","","","","","","","","","","","","","","","","","","","","","","","","","","","","","","","","","","","","","","","","","","","","","","","","","","","","","","","","","","","","","","","","","","","","TWITCH","https://www.twitch.tv/scump","","","","","","","","","","","","","","","","","","","","","","","","","","","","","","","","","","","","","","","","","","","","","","","","","","","","","","","","","","","","","","","","","","","","","","","","","","","","","","","","","","","","","","","","","","","","","","","","","","","","","","","","","","","","","","","","","",""
