"matchData__matchExtended__homeTeamCard__id","matchData__matchExtended__homeTeamCard__name","matchData__matchExtended__homeTeamCard__abbreviation","matchData__matchExtended__homeTeamCard__lightLogoUrl","matchData__matchExtended__homeTeamCard__darkLogoUrl","matchData__matchExtended__homeTeamCard__color","matchData__matchExtended__awayTeamCard__id","matchData__matchExtended__awayTeamCard__name","matchData__matchExtended__awayTeamCard__abbreviation","matchData__matchExtended__awayTeamCard__lightLogoUrl","matchData__matchExtended__awayTeamCard__darkLogoUrl","matchData__matchExtended__awayTeamCard__color","matchData__matchExtended__competition__id","matchData__matchExtended__competition__competitionType","matchData__matchExtended__competition__sequence","matchData__matchExtended__match__id","matchData__matchExtended__match__playTime","matchData__matchExtended__match__status","matchData__matchExtended__match__ticketUrl","matchData__matchExtended__match__vodLink","matchData__matchExtended__match__stageHomeTeamId","matchData__matchExtended__match__createdAt","matchData__matchExtended__match__updatedAt","matchData__matchExtended__match__displayStatus","matchData__matchExtended__result__homeTeamGamesWon","matchData__matchExtended__result__awayTeamGamesWon","matchData__matchExtended__result__winnerTeamId","matchData__matchExtended__result__loserTeamId","matchData__matchExtended__broadcastLinks__url","matchData__matchExtended__broadcastLinks__isDefault","matchData__matchExtended__broadcastLinks__broadcastPartnerId","matchData__matchExtended__broadcastLinks__broadcastPartnerName","matchData__matchExtended__broadcastLinks__broadcastPartnerLogo","matchData__matchExtended__images","matchData__matchGamesExtended__matchGame__id","matchData__matchGamesExtended__matchGame__matchId","matchData__matchGamesExtended__matchGame__number","matchData__matchGamesExtended__matchGame__map","matchData__matchGamesExtended__matchGame__mode","matchData__matchGamesExtended__matchGame__createdAt","matchData__matchGamesExtended__matchGame__updatedAt","matchData__matchGamesExtended__matchGame__gameMap__Version","matchData__matchGamesExtended__matchGame__gameMap__locale","matchData__matchGamesExtended__matchGame__gameMap__uid","matchData__matchGamesExtended__matchGame__gameMap__InProgress","matchData__matchGamesExtended__matchGame__gameMap__abbreviatedName","matchData__matchGamesExtended__matchGame__gameMap__createdAt","matchData__matchGamesExtended__matchGame__gameMap__createdBy","matchData__matchGamesExtended__matchGame__gameMap__description","matchData__matchGamesExtended__matchGame__gameMap__desktopImage__src","matchData__matchGamesExtended__matchGame__gameMap__displayName","matchData__matchGamesExtended__matchGame__gameMap__mapId","matchData__matchGamesExtended__matchGame__gameMap__mobileImage__src","matchData__matchGamesExtended__matchGame__gameMap__shareStatsImage__src","matchData__matchGamesExtended__matchGame__gameMap__title","matchData__matchGamesExtended__matchGame__gameMap__updatedAt","matchData__matchGamesExtended__matchGame__gameMap__updatedBy","matchData__matchGamesExtended__matchGame__gameMap__publishDetails__environment","matchData__matchGamesExtended__matchGame__gameMap__publishDetails__locale","matchData__matchGamesExtended__matchGame__gameMap__publishDetails__time","matchData__matchGamesExtended__matchGame__gameMap__publishDetails__user","matchData__matchGamesExtended__matchGameResult__hostGameScore","matchData__matchGamesExtended__matchGameResult__guestGameScore","matchData__matchGamesExtended__matchGameResult__winnerTeamId","matchData__matchGamesExtended__matchGameResult__loserTeamId","matchData__matchStats__isOmitted","matchData__matchStats__overall__|","matchData__matchStats__overall__|__id","matchData__matchStats__overall__|__programId","matchData__matchStats__overall__|__firstName","matchData__matchStats__overall__|__lastName","matchData__matchStats__overall__|__alias","matchData__matchStats__overall__|__headshot","matchData__matchStats__overall__|__socialNetworkHandles__socialNetworkType","matchData__matchStats__overall__|__socialNetworkHandles__handle","matchData__matchStats__overall__|__stats__id","matchData__matchStats__overall__|__stats__averageSpeed","matchData__matchStats__overall__|__stats__highestStreak","matchData__matchStats__overall__|__stats__untradedDeaths","matchData__matchStats__overall__|__stats__tradedDeaths","matchData__matchStats__overall__|__stats__inapplicableTradedKills","matchData__matchStats__overall__|__stats__inapplicableTradedDeaths","matchData__matchStats__overall__|__stats__damageTaken","matchData__matchStats__overall__|__stats__damageHealed","matchData__matchStats__overall__|__stats__tacticalsUsed","matchData__matchStats__overall__|__stats__lethalsUsed","matchData__matchStats__overall__|__stats__percentTimeMoving","matchData__matchStats__overall__|__stats__deadSilenceTime","matchData__matchStats__overall__|__stats__totalKills","matchData__matchStats__overall__|__stats__totalDeaths","matchData__matchStats__overall__|__stats__totalAssists","matchData__matchStats__overall__|__stats__totalScore","matchData__matchStats__overall__|__stats__totalShotsFired","matchData__matchStats__overall__|__stats__totalShotsHit","matchData__matchStats__overall__|__stats__totalShotsHead","matchData__matchStats__overall__|__stats__untradedKills","matchData__matchStats__overall__|__stats__tradedKills","matchData__matchStats__overall__|__stats__totalDamageDealt","matchData__matchStats__overall__|__stats__friendDamage","matchData__matchStats__overall__|__stats__totalTimeAlive","matchData__matchStats__overall__|__stats__totalDistanceTraveled","matchData__matchStats__overall__|__stats__hillTime","matchData__matchStats__overall__|__stats__contestedHillTime","matchData__matchStats__overall__|__stats__highestMultikill","matchData__matchStats__overall__|__stats__totalAces","matchData__matchStats__overall__|__stats__totalInVictimFovKills","matchData__matchStats__overall__|__stats__totalDefuserKills","matchData__matchStats__overall__|__stats__totalFirstBloodKills","matchData__matchStats__overall__|__stats__totalLongshotKills","matchData__matchStats__overall__|__stats__totalPlanterKills","matchData__matchStats__overall__|__stats__totalPointblankKills","matchData__matchStats__overall__|__stats__totalRevengeKills","matchData__matchStats__overall__|__stats__totalRotationKills","matchData__matchStats__overall__|__stats__totalInAttackerFovKills","matchData__matchStats__overall__|__stats__totalWallbangKills","matchData__matchStats__overall__|__stats__bombsPlanted","matchData__matchStats__overall__|__stats__bombsDefused","matchData__matchStats__overall__|__stats__sneakDefuses","matchData__matchStats__overall__|__stats__totalObjectivesCaptured","matchData__matchStats__overall__|__stats__objectiveTiersContributed","matchData__matchStats__overall__|__stats__killDeathRatio","matchData__matchStats__overall__|__stats__calculatedHillTime","matchData__matchStats__overall__|__stats__objective1Time","matchData__matchStats__overall__|__stats__objective2Time","matchData__matchStats__overall__|__stats__objective3Time","matchData__matchStats__overall__|__stats__objective4Time","matchData__matchStats__overall__|__stats__objective5Time","matchData__matchStats__matches__|","matchData__matchStats__matches__|__gameMap","matchData__matchStats__matches__|__gameMode","matchData__matchStats__matches__|__id","matchData__matchStats__matches__|__programId","matchData__matchStats__matches__|__firstName","matchData__matchStats__matches__|__lastName","matchData__matchStats__matches__|__alias","matchData__matchStats__matches__|__headshot","matchData__matchStats__matches__|__socialNetworkHandles__socialNetworkType","matchData__matchStats__matches__|__socialNetworkHandles__handle","matchData__matchStats__matches__|__stats__id","matchData__matchStats__matches__|__stats__averageSpeed","matchData__matchStats__matches__|__stats__highestStreak","matchData__matchStats__matches__|__stats__untradedDeaths","matchData__matchStats__matches__|__stats__tradedDeaths","matchData__matchStats__matches__|__stats__inapplicableTradedKills","matchData__matchStats__matches__|__stats__inapplicableTradedDeaths","matchData__matchStats__matches__|__stats__damageTaken","matchData__matchStats__matches__|__stats__damageHealed","matchData__matchStats__matches__|__stats__tacticalsUsed","matchData__matchStats__matches__|__stats__lethalsUsed","matchData__matchStats__matches__|__stats__percentTimeMoving","matchData__matchStats__matches__|__stats__deadSilenceTime","matchData__matchStats__matches__|__stats__totalKills","matchData__matchStats__matches__|__stats__totalDeaths","matchData__matchStats__matches__|__stats__totalAssists","matchData__matchStats__matches__|__stats__totalScore","matchData__matchStats__matches__|__stats__totalShotsFired","matchData__matchStats__matches__|__stats__totalShotsHit","matchData__matchStats__matches__|__stats__totalShotsHead","matchData__matchStats__matches__|__stats__untradedKills","matchData__matchStats__matches__|__stats__tradedKills","matchData__matchStats__matches__|__stats__totalDamageDealt","matchData__matchStats__matches__|__stats__friendDamage","matchData__matchStats__matches__|__stats__totalTimeAlive","matchData__matchStats__matches__|__stats__totalDistanceTraveled","matchData__matchStats__matches__|__stats__totalObjectivesCaptured","matchData__matchStats__matches__|__stats__objectiveTiersContributed","matchData__matchStats__matches__|__stats__bombsPlanted","matchData__matchStats__matches__|__stats__bombsDefused","matchData__matchStats__matches__|__stats__sneakDefuses","matchData__matchStats__matches__|__stats__hillTime","matchData__matchStats__matches__|__stats__contestedHillTime","matchData__matchStats__matches__|__stats__highestMultikill","matchData__matchStats__matches__|__stats__totalAces","matchData__matchStats__matches__|__stats__totalInVictimFovKills","matchData__matchStats__matches__|__stats__totalDefuserKills","matchData__matchStats__matches__|__stats__totalFirstBloodKills","matchData__matchStats__matches__|__stats__totalLongshotKills","matchData__matchStats__matches__|__stats__totalPlanterKills","matchData__matchStats__matches__|__stats__totalPointblankKills","matchData__matchStats__matches__|__stats__totalRevengeKills","matchData__matchStats__matches__|__stats__totalRotationKills","matchData__matchStats__matches__|__stats__totalInAttackerFovKills","matchData__matchStats__matches__|__stats__totalWallbangKills","matchData__matchStats__matches__|__stats__killDeathRatio","matchData__matchStats__matches__|__stats__calculatedHillTime","matchData__matchStats__matches__|__stats__objective1Time","matchData__matchStats__matches__|__stats__objective2Time","matchData__matchStats__matches__|__stats__objective3Time","matchData__matchStats__matches__|__stats__objective4Time","matchData__matchStats__matches__|__stats__objective5Time","Version","locale","uid","InProgress","contentOverlay__contentOverlayId","createdAt","createdBy","disableSentinelIncentiveTracking","enableMatchDetailRestriction","matchDetailRestriction__threshold","meta__assets__defaultPlayerAvatar__src","meta__assets__overallStatsBackground__src","meta__assets__overallStatsBackground__alt","meta__strings__completed","meta__strings__inProgress","meta__strings__scheduled","meta__strings__mapResults","meta__strings__playerName","meta__strings__roster","meta__strings__nextMatch","meta__strings__prevMatch","meta__strings__map","meta__strings__result","meta__strings__shareStatsRow__downloadButtonText","meta__strings__shareStatsRow__hideMapStatsText","meta__strings__shareStatsRow__newFeatureText","meta__strings__shareStatsRow__shareButtonText","meta__strings__shareStatsRow__shareStatsMessage","meta__strings__shareStatsRow__showMapStatsText","meta__strings__shareStatsRow__tweetPlaceholderText","meta__strings__statsTablesHeaders__overallMatchStats","meta__strings__statsTablesHeaders__statsPerMode","meta__strings__liveNowText","meta__strings__vodPlaceholderMessage","meta__statsStrings__title","meta__statsStrings__key","meta__statsStrings__value","meta__statsStrings__locale","meta__statsStrings__uid","meta__statsStrings__createdBy","meta__statsStrings__updatedBy","meta__statsStrings__createdAt","meta__statsStrings__updatedAt","meta__statsStrings__ContentTypeUid","meta__statsStrings__Version","meta__statsStrings__InProgress","meta__statsStrings__publishDetails__environment","meta__statsStrings__publishDetails__locale","meta__statsStrings__publishDetails__time","meta__statsStrings__publishDetails__user","meta__statsPlaceholderString","meta__omitListPlaceholderString","omittedMatches__src","title","updatedAt","updatedBy","videoOverlayOverride","publishDetails__environment","publishDetails__locale","publishDetails__time","publishDetails__user","displayVideoOverlay"
"13","New York Subliners","NY","https://images.blz-contentstack.com/v3/assets/blta7b34f1f894a2422/blt0ed1b8492b1b5892/636bf6089dfd7536c20279f9/nysl_logo_primary.svg?auto=webp","https://images.blz-contentstack.com/v3/assets/blta7b34f1f894a2422/blt0ed1b8492b1b5892/636bf6089dfd7536c20279f9/nysl_logo_primary.svg?auto=webp","#fff000","16","Seattle Surge","SEA","https://images.blz-contentstack.com/v3/assets/blta7b34f1f894a2422/bltf311daccd7d4641a/5de852f9dc2ac60d1dd159cc/SEA-SUR_Alternative-Logo.svg?auto=webp","https://images.blz-contentstack.com/v3/assets/blta7b34f1f894a2422/bltf311daccd7d4641a/5de852f9dc2ac60d1dd159cc/SEA-SUR_Alternative-Logo.svg?auto=webp","#001231","345","OPEN_MATCH","1","8801","1684533600","COMPLETED","https://blizz.ly/cdlpickem2023","https://www.youtube.com/watch?v=yTlTj2Y_hT0&ab_channel=CallofDutyLeague","2770","1665871319","1684606990","FINAL","3","1","13","16","https://www.twitch.tv/CallofDuty","False","6","Twitch","https://images.blz-contentstack.com/v3/assets/blta7b34f1f894a2422/bltdb2c7f14ce0382be/5de85ffb0de8400c4c5ab9a4/Twitch.png","https://www.callofdutyleague.com/8801/8801-map-1.png","20197","8801","0","Embassy","CDL Hardpoint","1665872161","1684534202","5","en-us","blt6dc22929bb292794","False","Embassy","2022-11-09T00:53:34.076Z","blt85aae568f2119ad8","Embassy","https://images.blz-contentstack.com/v3/assets/blta7b34f1f894a2422/blt112cc8d178d91930/636c14ebf17951383bcfbc88/cdl-map-256_embassy.webp?auto=webp","Embassy","Embassy","https://images.blz-contentstack.com/v3/assets/blta7b34f1f894a2422/blt2ca44bf092b2fa44/636c1510c3b2be3d36ed1319/cdl-map-600_embassy.webp?auto=webp","https://images.blz-contentstack.com/v3/assets/blta7b34f1f894a2422/blte13b93cbbc2abcdc/636c1e3f56a62e51968cb282/cdl-1920_0005_Embassy.jpg?auto=webp","Embassy","2022-11-09T21:42:55.887Z","blt42192c9dc0a8617f","blt32369acdba41f6a8","en-us","2022-12-05T10:03:55.939Z","blte5475d8d4c1a4efe","196","250","16","13","False","hostTeam","39","2","Preston","Greiner","Priestahh","https://www.callofduty.com/content/dam/activision/in-game-asset/callofduty/cdl/en/headshots/39.png","TWITTER","https://twitter.com/Priestahh","39","291713.03125","4","48","25","1","0","9205","1707","72","51","354","78","66","73","23","10720","1166","296","28","45","20","8404","35","2366240","291713.03125","117","5","0","0","54","0","2","3","0","2","10","7","65","7","0","2","1","1","6","0.90","00:00","00:00","00:00","00:00","00:00","00:00","hostTeam","Embassy","CDL Hardpoint","39","2","Preston","Greiner","Priestahh","https://www.callofduty.com/content/dam/activision/in-game-asset/callofduty/cdl/en/headshots/39.png","TWITTER","https://twitter.com/Priestahh","39","159.2491912841797","3","20","5","0","0","3179","567","19","16","93","0","19","25","7","3865","333","85","9","13","6","2441","4","564240","63121.609375","","","","","","100","0","0","0","16","0","1","1","0","1","1","3","19","2","0.76","00:00","00:00","00:00","00:00","00:00","00:00","263","en-us","bltd79e337aca601012","False","5siSqavvka1KhKQYf0vtCJ","2019-12-30T22:26:31.350Z","blt4f7f7256a2373fb7","False","True","15000","https://images.blz-contentstack.com/v3/assets/blta7b34f1f894a2422/bltba385d0631e29571/5de53306dc2ac60d1dd158bc/Default_Player_Headshot.png?auto=webp","https://images.blz-contentstack.com/v3/assets/blta7b34f1f894a2422/blt00943ca8d9fd1a95/62d679011aa84c11737bcd7b/cdl_map_stats-overall.jpg?auto=webp","","FINAL","IN PROGRESS","SCHEDULED","Map Results","Player Name","ROSTER","NEXT MATCH","PREV MATCH","Map","Result","Download","Hide map stats","New feature","Share","Share stats wherever you want!","Show map stats","Checkout the results of this match! #cdl","overall match stats","stats per mode","Live now","Match VOD will be available shortly!","Overall","overall","OVERALL","en-us","blt3c6adfa164d5c4d3","blte5475d8d4c1a4efe","blte5475d8d4c1a4efe","2022-04-20T12:21:46.588Z","2022-04-20T12:21:46.588Z","block_collection_strings","1","False","blt32369acdba41f6a8","en-us","2022-05-06T20:11:28.509Z","blt85aae568f2119ad8","Stats for this match not available yet. Check back later!","Player statistics are not available for this match","https://assets.blz-contentstack.com/v3/assets/blta7b34f1f894a2422/blt27713ba85406479b/63bf216a929fd075d61426c0/omitted_match_list_11123.json?auto=webp","Match Detail","2023-06-20T10:20:12.460Z","blt41ebe70fdd7751ca","False","blt32369acdba41f6a8","en-us","2023-06-20T10:20:17.397Z","blt41ebe70fdd7751ca","False"
"","","","","","","","","","","","","","","","","","","","","","","","","","","","","https://www.youtube.com/watch?v=iHh_QTBAQME","True","7","Youtube","https://images.blz-contentstack.com/v3/assets/blta7b34f1f894a2422/blt48500031e3945e03/5de85ffb8691147ecf07cb9d/YouTube.png","https://www.callofdutyleague.com/8801/8801-map-2.png","20198","8801","1","El Asilo","CDL SnD","1665872161","1684535617","4","en-us","blta8928236fa0d4ea2","False","El Asilo","2022-11-09T00:53:24.477Z","blt85aae568f2119ad8","El Asilo","https://images.blz-contentstack.com/v3/assets/blta7b34f1f894a2422/blt31d8c1188b5333ef/636c14ebabdffc469fad2165/cdl-map-256_el_asilo.webp?auto=webp","El Asilo","El Asilo","https://images.blz-contentstack.com/v3/assets/blta7b34f1f894a2422/bltcabe75e11354a884/636c15106f39e752dc3938c8/cdl-map-600_el_asilo.webp?auto=webp","https://images.blz-contentstack.com/v3/assets/blta7b34f1f894a2422/blt5a879ec84cdcbeae/636c1e3fa1e3093bbef755c0/cdl-1920_0006_El_Asilo.jpg?auto=webp","El Asilo","2022-11-09T21:44:50.211Z","blt42192c9dc0a8617f","blt32369acdba41f6a8","en-us","2022-12-05T10:02:49.938Z","blte5475d8d4c1a4efe","6","5","13","16","","","","","","","","","TWITCH","https://www.twitch.tv/priestahh","","","","","","","","","","","","","","","","","","","","","","","","","","","","","","","","","","","","","","","","","","","","","","","","","","","","","","","","","","","","","","TWITCH","https://www.twitch.tv/priestahh","","","","","","","","","","","","","","","","","","","","","","","","","","","","","","","","","","","","","","","","","","","","","","","","","","","","","","","","","","","","","","","","","","","","","","","","","","","","","","","","","","","","","","","Player","player","PLAYER","en-us","blt6436954466fb3de5","blte5475d8d4c1a4efe","blte5475d8d4c1a4efe","2022-04-20T12:22:28.230Z","2022-04-20T12:22:28.230Z","block_collection_strings","1","False","blt32369acdba41f6a8","en-us","2022-05-06T20:11:28.524Z","blt85aae568f2119ad8","","","","","","","","","","","",""
"","","","","","","","","","","","","","","","","","","","","","","","","","","","","","","","","","https://www.callofdutyleague.com/8801/8801-map-3.png","20199","8801","2","Breenbergh Hotel","CDL Control","1665872161","1684536780","5","en-us","bltab7a33edbf6dcfc4","False","Breenbergh Hotel","2022-11-09T00:53:04.918Z","blt85aae568f2119ad8","Breenbergh Hotel","https://images.blz-contentstack.com/v3/assets/blta7b34f1f894a2422/blt40d49d85bb7d2c49/636c14eb3debb436bf972bdd/cdl-map-256_breenburgh_hotel.webp?auto=webp","Breenbergh Hotel","Breenbergh Hotel","https://images.blz-contentstack.com/v3/assets/blta7b34f1f894a2422/blt32587d48f533dc08/636c1510f17951383bcfbc8c/cdl-map-600_breeburgh_hotel.webp?auto=webp","https://images.blz-contentstack.com/v3/assets/blta7b34f1f894a2422/blt6b987db91f9770f9/636c1e3fabdffc469fad216b/cdl-1920_0002_Breenburgh_Hotel.jpg?auto=webp","Breenburgh Hotel","2022-12-03T02:04:30.718Z","blt85aae568f2119ad8","blt32369acdba41f6a8","en-us","2022-12-05T10:02:00.334Z","blte5475d8d4c1a4efe","3","1","13","16","","","50","2","Matthew ","Tinsley","KiSMET","https://www.callofduty.com/content/dam/activision/in-game-asset/callofduty/cdl/en/headshots/50.png","TWITTER","https://twitter.com/KiSMET6_","50","279489.2265625","6","51","18","1","0","8460","1408","40","31","336","425","82","69","29","13700","1179","358","34","60","21","10008","63","2277488","279489.2265625","149","13","0","0","63","0","1","4","0","2","18","13","80","3","2","0","0","3","9","1.19","00:00","00:00","00:00","00:00","00:00","00:00","","Embassy","CDL Hardpoint","50","2","Matthew ","Tinsley","KiSMET","https://www.callofduty.com/content/dam/activision/in-game-asset/callofduty/cdl/en/headshots/50.png","TWITTER","https://twitter.com/KiSMET6_","50","195.4814453125","6","23","6","0","0","3188","288","11","10","95","155","35","29","12","5115","507","145","11","24","11","4091","63","547024","80273.203125","","","","","","24","7","0","0","26","0","0","1","0","1","7","9","33","2","1.21","00:00","00:00","00:00","00:00","00:00","00:00","","","","","","","","","","","","","","","","","","","","","","","","","","","","","","","","","","","Kills Death","kills_death","KILLS/DEATHS","en-us","bltec27dd9039626178","blte5475d8d4c1a4efe","blte5475d8d4c1a4efe","2022-04-20T12:23:49.050Z","2022-04-20T12:23:49.050Z","block_collection_strings","1","False","blt32369acdba41f6a8","en-us","2022-05-06T20:11:28.539Z","blt85aae568f2119ad8","","","","","","","","","","","",""
"","","","","","","","","","","","","","","","","","","","","","","","","","","","","","","","","","https://www.callofdutyleague.com/8801/8801-map-4.png","20200","8801","3","Zarqwa Hydroelectric","CDL Hardpoint","1665872161","1684537782","4","en-us","blt4f85dd95f645b0b8","False","Zarqwa Hydroelectric","2022-11-09T00:54:06.008Z","blt85aae568f2119ad8","Zarqwa Hydroelectric","https://images.blz-contentstack.com/v3/assets/blta7b34f1f894a2422/blte56ad1160544fb65/636c14eba1e3093bbef755ac/cdl-map-256_zarqwa_hydroeletric.webp?auto=webp","Zarqwa Hydroelectric","Zarqwa Hydroelectric","https://images.blz-contentstack.com/v3/assets/blta7b34f1f894a2422/bltc9890c534099ddde/636c15105c8aab3d41e7a59e/cdl-map-600_zarqwa_hydroelectric.webp?auto=webp","https://images.blz-contentstack.com/v3/assets/blta7b34f1f894a2422/blt4aa6ee9cb446fc5d/636c1e3ff17951383bcfbc9a/cdl-1920_0003_Zarqwa_Hydroelectric.jpg?auto=webp","Zarqwa Hydroelectric","2022-11-09T21:44:57.596Z","blt42192c9dc0a8617f","blt32369acdba41f6a8","en-us","2022-12-05T10:02:29.302Z","blte5475d8d4c1a4efe","250","153","13","16","","","","","","","","","TWITCH","https://www.twitch.tv/kismet6_","","","","","","","","","","","","","","","","","","","","","","","","","","","","","","","","","","","","","","","","","","","","","","","","","","","","","","","","","","","","","","TWITCH","https://www.twitch.tv/kismet6_","","","","","","","","","","","","","","","","","","","","","","","","","","","","","","","","","","","","","","","","","","","","","","","","","","","","","","","","","","","","","","","","","","","","","","","","","","","","","","","","","","","","","","","KD Ratio","k_d_ratio","K/D RATIO","en-us","blt4a77f8a26957ee12","blte5475d8d4c1a4efe","blte5475d8d4c1a4efe","2022-04-20T12:24:45.495Z","2022-04-21T13:02:11.590Z","block_collection_strings","2","False","blt32369acdba41f6a8","en-us","2022-05-06T20:11:28.553Z","blt85aae568f2119ad8","","","","","","","","","","","",""
"","","","","","","","","","","","","","","","","","","","","","","","","","","","","","","","","","https://www.callofdutyleague.com/8801/8801-overall.png","20201","8801","4","Embassy","CDL SnD","1665872161","1684528988","5","en-us","blt6dc22929bb292794","False","Embassy","2022-11-09T00:53:34.076Z","blt85aae568f2119ad8","Embassy","https://images.blz-contentstack.com/v3/assets/blta7b34f1f894a2422/blt112cc8d178d91930/636c14ebf17951383bcfbc88/cdl-map-256_embassy.webp?auto=webp","Embassy","Embassy","https://images.blz-contentstack.com/v3/assets/blta7b34f1f894a2422/blt2ca44bf092b2fa44/636c1510c3b2be3d36ed1319/cdl-map-600_embassy.webp?auto=webp","https://images.blz-contentstack.com/v3/assets/blta7b34f1f894a2422/blte13b93cbbc2abcdc/636c1e3f56a62e51968cb282/cdl-1920_0005_Embassy.jpg?auto=webp","Embassy","2022-11-09T21:42:55.887Z","blt42192c9dc0a8617f","blt32369acdba41f6a8","en-us","2022-12-05T10:03:55.939Z","blte5475d8d4c1a4efe","","","","","","","120","2","Cesar","Bueno","Skyz","https://www.callofduty.com/content/dam/activision/in-game-asset/callofduty/cdl/en/headshots/120.png","TWITTER","https://twitter.com/CesarSkyz","120","247879.7734375","9","45","21","1","2","8626","1733","66","57","355","89","73","68","27","11705","1355","383","42","56","16","10296","94","2346144","247879.7734375","121","4","0","0","68","1","1","2","0","1","12","11","72","8","0","1","0","2","6","1.07","00:00","00:00","00:00","00:00","00:00","00:00","","Embassy","CDL Hardpoint","120","2","Cesar","Bueno","Skyz","https://www.callofduty.com/content/dam/activision/in-game-asset/callofduty/cdl/en/headshots/120.png","TWITTER","https://twitter.com/CesarSkyz","120","159.7866973876953","5","20","6","0","0","3188","560","23","19","94","0","22","26","10","3770","418","118","9","17","5","3292","0","562960","57310.72265625","","","","","","54","1","0","0","21","0","0","0","0","0","5","5","21","3","0.85","00:00","00:00","00:00","00:00","00:00","00:00","","","","","","","","","","","","","","","","","","","","","","","","","","","","","","","","","","","Assists","assists","ASSISTS","en-us","blt111cd17d050b5523","blte5475d8d4c1a4efe","blte5475d8d4c1a4efe","2022-04-20T12:25:33.706Z","2022-04-20T12:25:33.706Z","block_collection_strings","1","False","blt32369acdba41f6a8","en-us","2022-05-06T20:11:28.568Z","blt85aae568f2119ad8","","","","","","","","","","","",""
"","","","","","","","","","","","","","","","","","","","","","","","","","","","","","","","","","","","","","","","","","","","","","","","","","","","","","","","","","","","","","","","","","","","","","","","","","TWITCH","https://www.twitch.tv/skyz","","","","","","","","","","","","","","","","","","","","","","","","","","","","","","","","","","","","","","","","","","","","","","","","","","","","","","","","","","","","","","TWITCH","https://www.twitch.tv/skyz","","","","","","","","","","","","","","","","","","","","","","","","","","","","","","","","","","","","","","","","","","","","","","","","","","","","","","","","","","","","","","","","","","","","","","","","","","","","","","","","","","","","","","","Non-Traded Kills","non_traded_kills","NON-TRADED KILLS","en-us","bltdb2e714af6d57ca7","blte5475d8d4c1a4efe","blte5475d8d4c1a4efe","2022-04-20T12:27:06.577Z","2022-04-20T12:27:06.577Z","block_collection_strings","1","False","blt32369acdba41f6a8","en-us","2022-05-06T20:11:28.584Z","blt85aae568f2119ad8","","","","","","","","","","","",""
"","","","","","","","","","","","","","","","","","","","","","","","","","","","","","","","","","","","","","","","","","","","","","","","","","","","","","","","","","","","","","","","","","","","262","2","Paco","Rusiewiez","Hydra","https://www.callofduty.com/content/dam/activision/in-game-asset/callofduty/cdl/en/headshots/262.png","","","262","324319.1875","10","49","16","3","2","9210","2242","23","22","366","603","110","67","17","13890","1281","465","42","85","22","11730","45","2494704","324319.1875","74","4","0","1","88","0","4","1","0","0","18","11","108","3","0","0","0","3","8","1.64","00:00","00:00","00:00","00:00","00:00","00:00","","Embassy","CDL Hardpoint","262","2","Paco","Rusiewiez","Hydra","https://www.callofduty.com/content/dam/activision/in-game-asset/callofduty/cdl/en/headshots/262.png","","","262","189.8250274658203","5","20","7","0","0","3318","618","7","7","96","170","31","27","8","4210","418","149","11","23","8","3636","1","561680","81271.8125","","","","","","21","1","0","0","27","0","0","1","0","0","7","4","31","0","1.15","00:00","00:00","00:00","00:00","00:00","00:00","","","","","","","","","","","","","","","","","","","","","","","","","","","","","","","","","","","Highest Streak","highest_streak","HIGHEST STREAK","en-us","bltfd9f83ff6495553b","blte5475d8d4c1a4efe","blte5475d8d4c1a4efe","2022-04-20T12:28:07.137Z","2022-04-20T12:28:07.137Z","block_collection_strings","1","False","blt32369acdba41f6a8","en-us","2022-05-06T20:11:28.605Z","blt85aae568f2119ad8","","","","","","","","","","","",""
"","","","","","","","","","","","","","","","","","","","","","","","","","","","","","","","","","","","","","","","","","","","","","","","","","","","","","","","","","","","","","","","","","","guestTeam","66","2","Lamar","Abedi","Accuracy","https://www.callofduty.com/content/dam/activision/in-game-asset/callofduty/cdl/en/headshots/66.png","TWITTER","https://twitter.com/AccuracyLA","66","243839.79296875","4","53","25","1","2","10033","1752","50","42","333","25","55","80","25","10380","1206","288","30","41","13","7716","5","2316688","243839.79296875","178","5","0","0","47","0","1","8","0","0","10","9","55","1","0","0","0","3","7","0.69","00:00","00:00","00:00","00:00","00:00","00:00","","El Asilo","CDL SnD","39","2","Preston","Greiner","Priestahh","https://www.callofduty.com/content/dam/activision/in-game-asset/callofduty/cdl/en/headshots/39.png","TWITTER","https://twitter.com/Priestahh","39","105.62056732177734","2","6","1","1","0","881","181","10","8","69","78","6","7","1","1025","184","31","6","4","1","867","0","724800","70900.765625","","","0","2","1","","","0","0","5","0","1","0","0","0","0","0","6","1","0.86","00:00","00:00","00:00","00:00","00:00","00:00","","","","","","","","","","","","","","","","","","","","","","","","","","","","","","","","","","","Damage","damage","DAMAGE","en-us","bltab925065e2e3f8af","blte5475d8d4c1a4efe","blte5475d8d4c1a4efe","2022-04-20T12:29:53.558Z","2022-04-20T12:29:53.558Z","block_collection_strings","1","False","blt32369acdba41f6a8","en-us","2022-05-06T20:11:28.620Z","blt85aae568f2119ad8","","","","","","","","","","","",""
"","","","","","","","","","","","","","","","","","","","","","","","","","","","","","","","","","","","","","","","","","","","","","","","","","","","","","","","","","","","","","","","","","","","","","","","","","TWITCH","https://www.twitch.tv/Accuracy","","","","","","","","","","","","","","","","","","","","","","","","","","","","","","","","","","","","","","","","","","","","","","","","","","","","","","","","","","","","","","TWITCH","https://www.twitch.tv/priestahh","","","","","","","","","","","","","","","","","","","","","","","","","","","","","","","","","","","","","","","","","","","","","","","","","","","","","","","","","","","","","","","","","","","","","","","","","","","","","","","","","","","","","","","Search & Destroy","search_and_destroy","Search & Destroy","en-us","blt3558f609ea8624ce","blte5475d8d4c1a4efe","blte5475d8d4c1a4efe","2022-04-20T12:30:54.421Z","2022-04-20T12:30:54.421Z","block_collection_strings","1","False","blt32369acdba41f6a8","en-us","2022-05-06T20:11:28.641Z","blt85aae568f2119ad8","","","","","","","","","","","",""
"","","","","","","","","","","","","","","","","","","","","","","","","","","","","","","","","","","","","","","","","","","","","","","","","","","","","","","","","","","","","","","","","","","","225","2","Makenzie","Kelley","Mack","https://www.callofduty.com/content/dam/activision/in-game-asset/callofduty/cdl/en/headshots/225.png","","","225","265210.36328125","4","67","24","0","1","10807","1278","63","42","336","261","54","93","22","9305","987","283","32","35","19","7504","139","2200208","265210.36328125","119","10","0","0","45","0","2","3","0","0","8","5","54","1","3","0","0","1","3","0.58","00:00","00:00","00:00","00:00","00:00","00:00","","El Asilo","CDL SnD","50","2","Matthew ","Tinsley","KiSMET","https://www.callofduty.com/content/dam/activision/in-game-asset/callofduty/cdl/en/headshots/50.png","TWITTER","https://twitter.com/KiSMET6_","50","79.1276626586914","2","6","1","0","0","1046","259","8","6","56","53","3","7","4","660","99","28","1","3","0","736","0","622624","50560.578125","","","2","0","0","","","0","0","3","0","1","0","0","0","0","0","3","0","0.43","00:00","00:00","00:00","00:00","00:00","00:00","","","","","","","","","","","","","","","","","","","","","","","","","","","","","","","","","","","First Blood","first_blood","FIRST BLOOD","en-us","blt3c7ba0bc19c0668a","blte5475d8d4c1a4efe","blte5475d8d4c1a4efe","2022-04-20T12:32:01.787Z","2022-04-20T12:32:07.296Z","block_collection_strings","2","False","blt32369acdba41f6a8","en-us","2022-05-06T20:11:28.659Z","blt85aae568f2119ad8","","","","","","","","","","","",""
"","","","","","","","","","","","","","","","","","","","","","","","","","","","","","","","","","","","","","","","","","","","","","","","","","","","","","","","","","","","","","","","","","","","268","2","Daunte","Gray","Sib","https://www.callofduty.com/content/dam/activision/in-game-asset/callofduty/cdl/en/headshots/268.png","","","268","266428.31640625","4","70","18","2","2","10869","1530","73","75","349","66","73","90","28","11350","1333","367","36","50","21","10266","31","2309072","266428.31640625","74","11","0","0","59","0","1","4","0","0","10","10","72","4","1","1","0","2","3","0.81","00:00","00:00","00:00","00:00","00:00","00:00","","","","","","","","","","TWITCH","https://www.twitch.tv/kismet6_","","","","","","","","","","","","","","","","","","","","","","","","","","","","","","","","","","","","","","","","","","","","","","","","","","","","","","","","","","","","","","","","","","","","","","","","","","","","","","","","","","","","","","","Plants","plants","PLANTS","en-us","blt0d2df53924027031","blte5475d8d4c1a4efe","blte5475d8d4c1a4efe","2022-04-20T12:32:30.747Z","2022-04-20T12:32:30.747Z","block_collection_strings","1","False","blt32369acdba41f6a8","en-us","2022-05-06T20:11:28.675Z","blt85aae568f2119ad8","","","","","","","","","","","",""
"","","","","","","","","","","","","","","","","","","","","","","","","","","","","","","","","","","","","","","","","","","","","","","","","","","","","","","","","","","","","","","","","","","","425","2","Amer","Zulbeari","Pred","https://www.callofduty.com/content/dam/activision/in-game-asset/callofduty/cdl/en/headshots/425.png","TWITTER","https://twitter.com/Pred_RNG","425","272868.7421875","6","56","12","1","1","8932","1691","44","40","339","388","95","69","5","12305","1274","409","31","67","27","9778","28","2379360","272868.7421875","78","2","0","0","67","0","5","3","0","2","15","14","94","1","0","0","0","1","3","1.38","00:00","00:00","00:00","00:00","00:00","00:00","","El Asilo","CDL SnD","120","2","Cesar","Bueno","Skyz","https://www.callofduty.com/content/dam/activision/in-game-asset/callofduty/cdl/en/headshots/120.png","TWITTER","https://twitter.com/CesarSkyz","120","97.0385971069336","4","4","3","1","2","1296","396","10","10","72","89","6","9","4","1170","181","41","2","4","1","1074","0","754896","61929.62109375","","","0","1","0","","","0","0","5","1","1","0","0","0","0","0","6","1","0.67","00:00","00:00","00:00","00:00","00:00","00:00","","","","","","","","","","","","","","","","","","","","","","","","","","","","","","","","","","","Defuses","defuses","DEFUSES","en-us","bltd974d3ebc0b872dc","blte5475d8d4c1a4efe","blte5475d8d4c1a4efe","2022-04-20T12:33:04.630Z","2022-04-20T13:35:33.814Z","block_collection_strings","2","False","blt32369acdba41f6a8","en-us","2022-05-06T20:11:28.696Z","blt85aae568f2119ad8","","","","","","","","","","","",""
"","","","","","","","","","","","","","","","","","","","","","","","","","","","","","","","","","","","","","","","","","","","","","","","","","","","","","","","","","","","","","","","","","","","","","","","","","TWITCH","https://www.twitch.tv/pred_ag","","","","","","","","","","","","","","","","","","","","","","","","","","","","","","","","","","","","","","","","","","","","","","","","","","","","","","","","","","","","","","TWITCH","https://www.twitch.tv/skyz","","","","","","","","","","","","","","","","","","","","","","","","","","","","","","","","","","","","","","","","","","","","","","","","","","","","","","","","","","","","","","","","","","","","","","","","","","","","","","","","","","","","","","","Hardpoint","hardpoint","HARDPOINT","en-us","bltdeb81388e385d3ab","blte5475d8d4c1a4efe","blte5475d8d4c1a4efe","2022-04-20T12:33:38.961Z","2022-04-20T12:33:38.961Z","block_collection_strings","1","False","blt32369acdba41f6a8","en-us","2022-05-06T20:11:28.711Z","blt85aae568f2119ad8","","","","","","","","","","","",""
"","","","","","","","","","","","","","","","","","","","","","","","","","","","","","","","","","","","","","","","","","","","","","","","","","","","","","","","","","","","","","","","","","","","","","","","","","","","","","","","","","","","","","","","","","","","","","","","","","","","","","","","","","","","","","","","","","","","","","","","","","","","","","","","","El Asilo","CDL SnD","262","2","Paco","Rusiewiez","Hydra","https://www.callofduty.com/content/dam/activision/in-game-asset/callofduty/cdl/en/headshots/262.png","","","262","122.27684020996094","10","3","1","3","2","1033","365","6","4","77","107","18","6","1","1775","210","67","6","14","1","1942","0","814880","79251.7109375","","","0","0","0","","","0","1","12","0","3","0","0","0","0","0","17","1","3.00","00:00","00:00","00:00","00:00","00:00","00:00","","","","","","","","","","","","","","","","","","","","","","","","","","","","","","","","","","","Hill Time","hill_time","HILL TIME","en-us","blt32d556145775bae2","blte5475d8d4c1a4efe","blte5475d8d4c1a4efe","2022-04-20T12:34:11.710Z","2022-04-20T12:34:11.710Z","block_collection_strings","1","False","blt32369acdba41f6a8","en-us","2022-05-06T20:11:28.734Z","blt85aae568f2119ad8","","","","","","","","","","","",""
"","","","","","","","","","","","","","","","","","","","","","","","","","","","","","","","","","","","","","","","","","","","","","","","","","","","","","","","","","","","","","","","","","","","","","","","","","","","","","","","","","","","","","","","","","","","","","","","","","","","","","","","","","","","","","","","","","","","","","","","","","","","","","","","","Breenbergh Hotel","CDL Control","39","2","Preston","Greiner","Priestahh","https://www.callofduty.com/content/dam/activision/in-game-asset/callofduty/cdl/en/headshots/39.png","TWITTER","https://twitter.com/Priestahh","39","220.72210693359375","2","13","7","0","0","2344","260","22","12","98","0","15","20","8","2085","246","68","4","9","6","1987","0","513952","73872.3984375","1","6","","","","","","0","0","11","0","0","1","0","1","3","0","14","1","0.75","00:00","00:00","00:00","00:00","00:00","00:00","","","","","","","","","","","","","","","","","","","","","","","","","","","","","","","","","","","Control","control","CONTROL","en-us","bltd4a8f8db6dc197de","blte5475d8d4c1a4efe","blte5475d8d4c1a4efe","2022-04-20T12:40:13.769Z","2022-04-20T13:37:20.762Z","block_collection_strings","2","False","blt32369acdba41f6a8","en-us","2022-05-06T20:11:28.759Z","blt85aae568f2119ad8","","","","","","","","","","","",""
"","","","","","","","","","","","","","","","","","","","","","","","","","","","","","","","","","","","","","","","","","","","","","","","","","","","","","","","","","","","","","","","","","","","","","","","","","","","","","","","","","","","","","","","","","","","","","","","","","","","","","","","","","","","","","","","","","","","","","","","","","","","","","","","","","","","","","","","","TWITCH","https://www.twitch.tv/priestahh","","","","","","","","","","","","","","","","","","","","","","","","","","","","","","","","","","","","","","","","","","","","","","","","","","","","","","","","","","","","","","","","","","","","","","","","","","","","","","","","","","","","","","","Zone Captures","zone_captures","ZONE CAPTURES","en-us","bltcc5d72653c58bcf2","blte5475d8d4c1a4efe","blte5475d8d4c1a4efe","2022-04-20T12:35:13.494Z","2022-04-20T12:35:36.828Z","block_collection_strings","2","False","blt32369acdba41f6a8","en-us","2022-05-06T20:11:28.775Z","blt85aae568f2119ad8","","","","","","","","","","","",""
"","","","","","","","","","","","","","","","","","","","","","","","","","","","","","","","","","","","","","","","","","","","","","","","","","","","","","","","","","","","","","","","","","","","","","","","","","","","","","","","","","","","","","","","","","","","","","","","","","","","","","","","","","","","","","","","","","","","","","","","","","","","","","","","","Breenbergh Hotel","CDL Control","50","2","Matthew ","Tinsley","KiSMET","https://www.callofduty.com/content/dam/activision/in-game-asset/callofduty/cdl/en/headshots/50.png","TWITTER","https://twitter.com/KiSMET6_","50","201.18795776367188","4","12","3","1","0","1846","346","9","5","93","97","16","15","5","2175","232","75","4","11","4","2063","0","536784","71867.953125","3","9","","","","","","0","0","11","0","0","1","0","1","2","0","16","1","1.07","00:00","00:00","00:00","00:00","00:00","00:00","","","","","","","","","","","","","","","","","","","","","","","","","","","","","","","","","","","Zone Tiers Captured","zone_tiers_captured","ZONE TIERS CAPTURED","en-us","blt75b7443028275314","blte5475d8d4c1a4efe","blte5475d8d4c1a4efe","2022-04-20T12:36:25.520Z","2022-04-22T12:57:54.953Z","block_collection_strings","2","False","blt32369acdba41f6a8","en-us","2022-05-06T20:11:28.795Z","blt85aae568f2119ad8","","","","","","","","","","","",""
"","","","","","","","","","","","","","","","","","","","","","","","","","","","","","","","","","","","","","","","","","","","","","","","","","","","","","","","","","","","","","","","","","","","","","","","","","","","","","","","","","","","","","","","","","","","","","","","","","","","","","","","","","","","","","","","","","","","","","","","","","","","","","","","","","","","","","","","","TWITCH","https://www.twitch.tv/kismet6_","","","","","","","","","","","","","","","","","","","","","","","","","","","","","","","","","","","","","","","","","","","","","","","","","","","","","","","","","","","","","","","","","","","","","","","","","","","","","","","","","","","","","","","Contested Hill Time","contested_hill_time","Contested Hill Time","en-us","bltf51c9ac662850634","bltfa272d477083cd41","bltfa272d477083cd41","2022-12-05T14:35:27.056Z","2022-12-05T14:35:27.056Z","block_collection_strings","1","False","blt32369acdba41f6a8","en-us","2022-12-06T07:49:02.219Z","bltfa272d477083cd41","","","","","","","","","","","",""
"","","","","","","","","","","","","","","","","","","","","","","","","","","","","","","","","","","","","","","","","","","","","","","","","","","","","","","","","","","","","","","","","","","","","","","","","","","","","","","","","","","","","","","","","","","","","","","","","","","","","","","","","","","","","","","","","","","","","","","","","","","","","","","","","Breenbergh Hotel","CDL Control","120","2","Cesar","Bueno","Skyz","https://www.callofduty.com/content/dam/activision/in-game-asset/callofduty/cdl/en/headshots/120.png","TWITTER","https://twitter.com/CesarSkyz","120","167.47940063476562","4","7","6","0","0","1599","268","14","12","94","0","15","13","8","2240","324","91","21","10","5","2542","92","551136","60235.0625","2","6","","","","","","0","0","12","0","0","0","0","1","3","0","15","2","1.15","00:00","00:00","00:00","00:00","00:00","00:00","","","","","","","","","","","","","","","","","","","","","","","","","","","","","","","","","","","","","","","","","","","","","","","","","","","","","","","","","","","","","",""
"","","","","","","","","","","","","","","","","","","","","","","","","","","","","","","","","","","","","","","","","","","","","","","","","","","","","","","","","","","","","","","","","","","","","","","","","","","","","","","","","","","","","","","","","","","","","","","","","","","","","","","","","","","","","","","","","","","","","","","","","","","","","","","","","","","","","","","","","TWITCH","https://www.twitch.tv/skyz","","","","","","","","","","","","","","","","","","","","","","","","","","","","","","","","","","","","","","","","","","","","","","","","","","","","","","","","","","","","","","","","","","","","","","","","","","","","","","","","","","","","","","","","","","","","","","","","","","","","","","","","","","","","","","","","","",""
"","","","","","","","","","","","","","","","","","","","","","","","","","","","","","","","","","","","","","","","","","","","","","","","","","","","","","","","","","","","","","","","","","","","","","","","","","","","","","","","","","","","","","","","","","","","","","","","","","","","","","","","","","","","","","","","","","","","","","","","","","","","","","","","","Breenbergh Hotel","CDL Control","262","2","Paco","Rusiewiez","Hydra","https://www.callofduty.com/content/dam/activision/in-game-asset/callofduty/cdl/en/headshots/262.png","","","262","207.59127807617188","8","11","2","0","0","2410","982","5","5","95","151","33","13","1","3575","344","123","14","29","4","3004","44","548896","74721.9609375","3","8","","","","","","0","0","28","0","1","0","0","0","4","0","32","2","2.54","00:00","00:00","00:00","00:00","00:00","00:00","","","","","","","","","","","","","","","","","","","","","","","","","","","","","","","","","","","","","","","","","","","","","","","","","","","","","","","","","","","","","",""
"","","","","","","","","","","","","","","","","","","","","","","","","","","","","","","","","","","","","","","","","","","","","","","","","","","","","","","","","","","","","","","","","","","","","","","","","","","","","","","","","","","","","","","","","","","","","","","","","","","","","","","","","","","","","","","","","","","","","","","","","","","","","","","","","Zarqwa Hydroelectric","CDL Hardpoint","39","2","Preston","Greiner","Priestahh","https://www.callofduty.com/content/dam/activision/in-game-asset/callofduty/cdl/en/headshots/39.png","TWITTER","https://twitter.com/Priestahh","39","191.9349822998047","4","9","12","0","0","2801","699","21","15","94","0","26","21","7","3745","403","112","9","19","7","3109","31","563248","83818.2578125","","","","","","17","5","0","0","22","0","0","1","0","0","6","4","26","3","1.24","00:00","00:00","00:00","00:00","00:00","00:00","","","","","","","","","","","","","","","","","","","","","","","","","","","","","","","","","","","","","","","","","","","","","","","","","","","","","","","","","","","","","",""
"","","","","","","","","","","","","","","","","","","","","","","","","","","","","","","","","","","","","","","","","","","","","","","","","","","","","","","","","","","","","","","","","","","","","","","","","","","","","","","","","","","","","","","","","","","","","","","","","","","","","","","","","","","","","","","","","","","","","","","","","","","","","","","","","","","","","","","","","TWITCH","https://www.twitch.tv/priestahh","","","","","","","","","","","","","","","","","","","","","","","","","","","","","","","","","","","","","","","","","","","","","","","","","","","","","","","","","","","","","","","","","","","","","","","","","","","","","","","","","","","","","","","","","","","","","","","","","","","","","","","","","","","","","","","","","",""
"","","","","","","","","","","","","","","","","","","","","","","","","","","","","","","","","","","","","","","","","","","","","","","","","","","","","","","","","","","","","","","","","","","","","","","","","","","","","","","","","","","","","","","","","","","","","","","","","","","","","","","","","","","","","","","","","","","","","","","","","","","","","","","","","Zarqwa Hydroelectric","CDL Hardpoint","50","2","Matthew ","Tinsley","KiSMET","https://www.callofduty.com/content/dam/activision/in-game-asset/callofduty/cdl/en/headshots/50.png","TWITTER","https://twitter.com/KiSMET6_","50","168.16514587402344","5","10","8","0","0","2380","515","12","10","92","120","28","18","8","5750","341","110","18","22","6","3118","0","571056","76787.4921875","","","","","","125","6","0","0","23","0","0","2","0","0","9","4","28","0","1.56","00:00","00:00","00:00","00:00","00:00","00:00","","","","","","","","","","","","","","","","","","","","","","","","","","","","","","","","","","","","","","","","","","","","","","","","","","","","","","","","","","","","","",""
"","","","","","","","","","","","","","","","","","","","","","","","","","","","","","","","","","","","","","","","","","","","","","","","","","","","","","","","","","","","","","","","","","","","","","","","","","","","","","","","","","","","","","","","","","","","","","","","","","","","","","","","","","","","","","","","","","","","","","","","","","","","","","","","","","","","","","","","","TWITCH","https://www.twitch.tv/kismet6_","","","","","","","","","","","","","","","","","","","","","","","","","","","","","","","","","","","","","","","","","","","","","","","","","","","","","","","","","","","","","","","","","","","","","","","","","","","","","","","","","","","","","","","","","","","","","","","","","","","","","","","","","","","","","","","","","",""
"","","","","","","","","","","","","","","","","","","","","","","","","","","","","","","","","","","","","","","","","","","","","","","","","","","","","","","","","","","","","","","","","","","","","","","","","","","","","","","","","","","","","","","","","","","","","","","","","","","","","","","","","","","","","","","","","","","","","","","","","","","","","","","","","Zarqwa Hydroelectric","CDL Hardpoint","120","2","Cesar","Bueno","Skyz","https://www.callofduty.com/content/dam/activision/in-game-asset/callofduty/cdl/en/headshots/120.png","TWITTER","https://twitter.com/CesarSkyz","120","166.68145751953125","9","14","6","0","0","2543","509","19","16","95","0","30","20","5","4525","432","133","10","25","5","3388","2","477152","68404.3671875","","","","","","67","3","0","0","30","0","0","2","0","0","4","6","30","2","1.50","00:00","00:00","00:00","00:00","00:00","00:00","","","","","","","","","","","","","","","","","","","","","","","","","","","","","","","","","","","","","","","","","","","","","","","","","","","","","","","","","","","","","",""
"","","","","","","","","","","","","","","","","","","","","","","","","","","","","","","","","","","","","","","","","","","","","","","","","","","","","","","","","","","","","","","","","","","","","","","","","","","","","","","","","","","","","","","","","","","","","","","","","","","","","","","","","","","","","","","","","","","","","","","","","","","","","","","","","","","","","","","","","TWITCH","https://www.twitch.tv/skyz","","","","","","","","","","","","","","","","","","","","","","","","","","","","","","","","","","","","","","","","","","","","","","","","","","","","","","","","","","","","","","","","","","","","","","","","","","","","","","","","","","","","","","","","","","","","","","","","","","","","","","","","","","","","","","","","","",""
"","","","","","","","","","","","","","","","","","","","","","","","","","","","","","","","","","","","","","","","","","","","","","","","","","","","","","","","","","","","","","","","","","","","","","","","","","","","","","","","","","","","","","","","","","","","","","","","","","","","","","","","","","","","","","","","","","","","","","","","","","","","","","","","","Zarqwa Hydroelectric","CDL Hardpoint","262","2","Paco","Rusiewiez","Hydra","https://www.callofduty.com/content/dam/activision/in-game-asset/callofduty/cdl/en/headshots/262.png","","","262","200.0692596435547","6","15","6","0","0","2449","277","5","6","98","175","28","21","7","4330","309","126","11","19","9","3148","0","569248","89073.703125","","","","","","53","3","0","0","21","0","0","0","0","0","7","7","28","0","1.33","00:00","00:00","00:00","00:00","00:00","00:00","","","","","","","","","","","","","","","","","","","","","","","","","","","","","","","","","","","","","","","","","","","","","","","","","","","","","","","","","","","","","",""
"","","","","","","","","","","","","","","","","","","","","","","","","","","","","","","","","","","","","","","","","","","","","","","","","","","","","","","","","","","","","","","","","","","","","","","","","","","","","","","","","","","","","","","","","","","","","","","","","","","","","","","","","","","","","","","","","","","","","","","","","","","","","","","","guestTeam","Embassy","CDL Hardpoint","66","2","Lamar","Abedi","Accuracy","https://www.callofduty.com/content/dam/activision/in-game-asset/callofduty/cdl/en/headshots/66.png","TWITTER","https://twitter.com/AccuracyLA","66","159.26097106933594","3","16","10","0","0","3480","700","14","12","88","0","26","26","8","4555","474","125","14","21","5","3445","0","552800","60505.640625","","","","","","95","1","0","0","22","0","0","3","0","0","5","6","26","0","1.00","00:00","00:00","00:00","00:00","00:00","00:00","","","","","","","","","","","","","","","","","","","","","","","","","","","","","","","","","","","","","","","","","","","","","","","","","","","","","","","","","","","","","",""
"","","","","","","","","","","","","","","","","","","","","","","","","","","","","","","","","","","","","","","","","","","","","","","","","","","","","","","","","","","","","","","","","","","","","","","","","","","","","","","","","","","","","","","","","","","","","","","","","","","","","","","","","","","","","","","","","","","","","","","","","","","","","","","","","","","","","","","","","TWITCH","https://www.twitch.tv/Accuracy","","","","","","","","","","","","","","","","","","","","","","","","","","","","","","","","","","","","","","","","","","","","","","","","","","","","","","","","","","","","","","","","","","","","","","","","","","","","","","","","","","","","","","","","","","","","","","","","","","","","","","","","","","","","","","","","","",""
"","","","","","","","","","","","","","","","","","","","","","","","","","","","","","","","","","","","","","","","","","","","","","","","","","","","","","","","","","","","","","","","","","","","","","","","","","","","","","","","","","","","","","","","","","","","","","","","","","","","","","","","","","","","","","","","","","","","","","","","","","","","","","","","","Embassy","CDL Hardpoint","225","2","Makenzie","Kelley","Mack","https://www.callofduty.com/content/dam/activision/in-game-asset/callofduty/cdl/en/headshots/225.png","","","225","162.15309143066406","4","19","7","0","0","3301","544","17","12","89","79","22","27","10","3905","378","93","10","16","6","2566","101","550320","65818","","","","","","83","5","0","0","17","0","0","3","0","0","4","3","22","1","0.81","00:00","00:00","00:00","00:00","00:00","00:00","","","","","","","","","","","","","","","","","","","","","","","","","","","","","","","","","","","","","","","","","","","","","","","","","","","","","","","","","","","","","",""
"","","","","","","","","","","","","","","","","","","","","","","","","","","","","","","","","","","","","","","","","","","","","","","","","","","","","","","","","","","","","","","","","","","","","","","","","","","","","","","","","","","","","","","","","","","","","","","","","","","","","","","","","","","","","","","","","","","","","","","","","","","","","","","","","Embassy","CDL Hardpoint","268","2","Daunte","Gray","Sib","https://www.callofduty.com/content/dam/activision/in-game-asset/callofduty/cdl/en/headshots/268.png","","","268","188.69532775878906","3","24","8","0","0","3711","272","22","23","94","0","22","32","11","3980","447","109","10","18","4","3252","30","516368","71949.90625","","","","","","51","2","0","0","17","0","0","2","0","0","3","4","21","1","0.69","00:00","00:00","00:00","00:00","00:00","00:00","","","","","","","","","","","","","","","","","","","","","","","","","","","","","","","","","","","","","","","","","","","","","","","","","","","","","","","","","","","","","",""
"","","","","","","","","","","","","","","","","","","","","","","","","","","","","","","","","","","","","","","","","","","","","","","","","","","","","","","","","","","","","","","","","","","","","","","","","","","","","","","","","","","","","","","","","","","","","","","","","","","","","","","","","","","","","","","","","","","","","","","","","","","","","","","","","Embassy","CDL Hardpoint","425","2","Amer","Zulbeari","Pred","https://www.callofduty.com/content/dam/activision/in-game-asset/callofduty/cdl/en/headshots/425.png","TWITTER","https://twitter.com/Pred_RNG","425","169.8270721435547","4","18","5","0","0","3099","681","12","7","91","149","37","23","1","5205","450","152","15","28","9","3542","0","564848","74658.7578125","","","","","","53","1","0","0","27","0","0","1","0","1","7","11","37","1","1.61","00:00","00:00","00:00","00:00","00:00","00:00","","","","","","","","","","","","","","","","","","","","","","","","","","","","","","","","","","","","","","","","","","","","","","","","","","","","","","","","","","","","","",""
"","","","","","","","","","","","","","","","","","","","","","","","","","","","","","","","","","","","","","","","","","","","","","","","","","","","","","","","","","","","","","","","","","","","","","","","","","","","","","","","","","","","","","","","","","","","","","","","","","","","","","","","","","","","","","","","","","","","","","","","","","","","","","","","","","","","","","","","","TWITCH","https://www.twitch.tv/pred_ag","","","","","","","","","","","","","","","","","","","","","","","","","","","","","","","","","","","","","","","","","","","","","","","","","","","","","","","","","","","","","","","","","","","","","","","","","","","","","","","","","","","","","","","","","","","","","","","","","","","","","","","","","","","","","","","","","",""
"","","","","","","","","","","","","","","","","","","","","","","","","","","","","","","","","","","","","","","","","","","","","","","","","","","","","","","","","","","","","","","","","","","","","","","","","","","","","","","","","","","","","","","","","","","","","","","","","","","","","","","","","","","","","","","","","","","","","","","","","","","","","","","","","El Asilo","CDL SnD","66","2","Lamar","Abedi","Accuracy","https://www.callofduty.com/content/dam/activision/in-game-asset/callofduty/cdl/en/headshots/66.png","TWITTER","https://twitter.com/AccuracyLA","66","78.39592742919922","4","5","2","1","2","1421","462","9","6","60","25","6","9","3","775","142","37","4","4","1","993","0","686656","50606.9921875","","","0","0","0","","","0","0","4","0","1","2","0","0","0","0","6","0","0.67","00:00","00:00","00:00","00:00","00:00","00:00","","","","","","","","","","","","","","","","","","","","","","","","","","","","","","","","","","","","","","","","","","","","","","","","","","","","","","","","","","","","","",""
"","","","","","","","","","","","","","","","","","","","","","","","","","","","","","","","","","","","","","","","","","","","","","","","","","","","","","","","","","","","","","","","","","","","","","","","","","","","","","","","","","","","","","","","","","","","","","","","","","","","","","","","","","","","","","","","","","","","","","","","","","","","","","","","","","","","","","","","","TWITCH","https://www.twitch.tv/Accuracy","","","","","","","","","","","","","","","","","","","","","","","","","","","","","","","","","","","","","","","","","","","","","","","","","","","","","","","","","","","","","","","","","","","","","","","","","","","","","","","","","","","","","","","","","","","","","","","","","","","","","","","","","","","","","","","","","",""
"","","","","","","","","","","","","","","","","","","","","","","","","","","","","","","","","","","","","","","","","","","","","","","","","","","","","","","","","","","","","","","","","","","","","","","","","","","","","","","","","","","","","","","","","","","","","","","","","","","","","","","","","","","","","","","","","","","","","","","","","","","","","","","","","El Asilo","CDL SnD","225","2","Makenzie","Kelley","Mack","https://www.callofduty.com/content/dam/activision/in-game-asset/callofduty/cdl/en/headshots/225.png","","","225","62.59529113769531","2","10","1","0","0","1245","145","9","5","55","26","2","11","1","565","82","25","2","1","1","628","0","613168","40486.48046875","","","3","0","0","","","0","0","2","0","1","0","0","0","0","0","2","0","0.18","00:00","00:00","00:00","00:00","00:00","00:00","","","","","","","","","","","","","","","","","","","","","","","","","","","","","","","","","","","","","","","","","","","","","","","","","","","","","","","","","","","","","",""
"","","","","","","","","","","","","","","","","","","","","","","","","","","","","","","","","","","","","","","","","","","","","","","","","","","","","","","","","","","","","","","","","","","","","","","","","","","","","","","","","","","","","","","","","","","","","","","","","","","","","","","","","","","","","","","","","","","","","","","","","","","","","","","","","El Asilo","CDL SnD","268","2","Daunte","Gray","Sib","https://www.callofduty.com/content/dam/activision/in-game-asset/callofduty/cdl/en/headshots/268.png","","","268","91.1720199584961","4","5","0","2","2","1093","293","10","9","65","66","10","7","0","1300","166","49","6","5","3","1455","0","750544","59741.87109375","","","1","1","0","","","0","0","10","0","0","2","0","0","0","0","10","1","1.43","00:00","00:00","00:00","00:00","00:00","00:00","","","","","","","","","","","","","","","","","","","","","","","","","","","","","","","","","","","","","","","","","","","","","","","","","","","","","","","","","","","","","",""
"","","","","","","","","","","","","","","","","","","","","","","","","","","","","","","","","","","","","","","","","","","","","","","","","","","","","","","","","","","","","","","","","","","","","","","","","","","","","","","","","","","","","","","","","","","","","","","","","","","","","","","","","","","","","","","","","","","","","","","","","","","","","","","","","El Asilo","CDL SnD","425","2","Amer","Zulbeari","Pred","https://www.callofduty.com/content/dam/activision/in-game-asset/callofduty/cdl/en/headshots/425.png","TWITTER","https://twitter.com/Pred_RNG","425","88.89334106445312","4","5","0","1","1","860","260","9","11","65","71","11","6","0","1100","137","48","3","9","1","1180","0","732336","58949.59375","","","0","0","0","","","0","0","9","0","3","2","0","1","0","0","11","0","1.83","00:00","00:00","00:00","00:00","00:00","00:00","","","","","","","","","","","","","","","","","","","","","","","","","","","","","","","","","","","","","","","","","","","","","","","","","","","","","","","","","","","","","",""
"","","","","","","","","","","","","","","","","","","","","","","","","","","","","","","","","","","","","","","","","","","","","","","","","","","","","","","","","","","","","","","","","","","","","","","","","","","","","","","","","","","","","","","","","","","","","","","","","","","","","","","","","","","","","","","","","","","","","","","","","","","","","","","","","","","","","","","","","TWITCH","https://www.twitch.tv/pred_ag","","","","","","","","","","","","","","","","","","","","","","","","","","","","","","","","","","","","","","","","","","","","","","","","","","","","","","","","","","","","","","","","","","","","","","","","","","","","","","","","","","","","","","","","","","","","","","","","","","","","","","","","","","","","","","","","","",""
"","","","","","","","","","","","","","","","","","","","","","","","","","","","","","","","","","","","","","","","","","","","","","","","","","","","","","","","","","","","","","","","","","","","","","","","","","","","","","","","","","","","","","","","","","","","","","","","","","","","","","","","","","","","","","","","","","","","","","","","","","","","","","","","","Breenbergh Hotel","CDL Control","66","2","Lamar","Abedi","Accuracy","https://www.callofduty.com/content/dam/activision/in-game-asset/callofduty/cdl/en/headshots/66.png","TWITTER","https://twitter.com/AccuracyLA","66","170.0004119873047","2","13","4","0","0","2083","341","14","9","90","0","8","17","6","1610","213","41","6","6","2","1228","2","529248","57253.40234375","3","7","","","","","","0","0","8","0","0","1","0","0","3","0","8","0","0.47","00:00","00:00","00:00","00:00","00:00","00:00","","","","","","","","","","","","","","","","","","","","","","","","","","","","","","","","","","","","","","","","","","","","","","","","","","","","","","","","","","","","","",""
"","","","","","","","","","","","","","","","","","","","","","","","","","","","","","","","","","","","","","","","","","","","","","","","","","","","","","","","","","","","","","","","","","","","","","","","","","","","","","","","","","","","","","","","","","","","","","","","","","","","","","","","","","","","","","","","","","","","","","","","","","","","","","","","","","","","","","","","","TWITCH","https://www.twitch.tv/Accuracy","","","","","","","","","","","","","","","","","","","","","","","","","","","","","","","","","","","","","","","","","","","","","","","","","","","","","","","","","","","","","","","","","","","","","","","","","","","","","","","","","","","","","","","","","","","","","","","","","","","","","","","","","","","","","","","","","",""
"","","","","","","","","","","","","","","","","","","","","","","","","","","","","","","","","","","","","","","","","","","","","","","","","","","","","","","","","","","","","","","","","","","","","","","","","","","","","","","","","","","","","","","","","","","","","","","","","","","","","","","","","","","","","","","","","","","","","","","","","","","","","","","","","Breenbergh Hotel","CDL Control","225","2","Makenzie","Kelley","Mack","https://www.callofduty.com/content/dam/activision/in-game-asset/callofduty/cdl/en/headshots/225.png","","","225","233.47271728515625","3","19","6","0","1","2920","148","16","11","96","85","13","26","5","1600","234","77","4","7","6","2100","38","489216","75531.515625","1","3","","","","","","0","0","11","0","1","0","0","0","1","0","13","0","0.50","00:00","00:00","00:00","00:00","00:00","00:00","","","","","","","","","","","","","","","","","","","","","","","","","","","","","","","","","","","","","","","","","","","","","","","","","","","","","","","","","","","","","",""
"","","","","","","","","","","","","","","","","","","","","","","","","","","","","","","","","","","","","","","","","","","","","","","","","","","","","","","","","","","","","","","","","","","","","","","","","","","","","","","","","","","","","","","","","","","","","","","","","","","","","","","","","","","","","","","","","","","","","","","","","","","","","","","","","Breenbergh Hotel","CDL Control","268","2","Daunte","Gray","Sib","https://www.callofduty.com/content/dam/activision/in-game-asset/callofduty/cdl/en/headshots/268.png","","","268","171.82281494140625","3","14","6","0","0","2558","558","16","15","94","0","19","20","8","2655","304","90","6","15","4","2336","0","507728","56596.859375","2","3","","","","","","0","0","17","0","1","0","0","0","3","0","19","2","0.95","00:00","00:00","00:00","00:00","00:00","00:00","","","","","","","","","","","","","","","","","","","","","","","","","","","","","","","","","","","","","","","","","","","","","","","","","","","","","","","","","","","","","",""
"","","","","","","","","","","","","","","","","","","","","","","","","","","","","","","","","","","","","","","","","","","","","","","","","","","","","","","","","","","","","","","","","","","","","","","","","","","","","","","","","","","","","","","","","","","","","","","","","","","","","","","","","","","","","","","","","","","","","","","","","","","","","","","","","Breenbergh Hotel","CDL Control","425","2","Amer","Zulbeari","Pred","https://www.callofduty.com/content/dam/activision/in-game-asset/callofduty/cdl/en/headshots/425.png","TWITTER","https://twitter.com/Pred_RNG","425","183.7852020263672","5","13","3","0","0","2075","341","12","6","93","100","21","16","3","2400","288","99","8","15","6","2399","0","523184","65200.15625","1","3","","","","","","0","0","13","0","1","0","0","0","2","0","20","0","1.31","00:00","00:00","00:00","00:00","00:00","00:00","","","","","","","","","","","","","","","","","","","","","","","","","","","","","","","","","","","","","","","","","","","","","","","","","","","","","","","","","","","","","",""
"","","","","","","","","","","","","","","","","","","","","","","","","","","","","","","","","","","","","","","","","","","","","","","","","","","","","","","","","","","","","","","","","","","","","","","","","","","","","","","","","","","","","","","","","","","","","","","","","","","","","","","","","","","","","","","","","","","","","","","","","","","","","","","","","","","","","","","","","TWITCH","https://www.twitch.tv/pred_ag","","","","","","","","","","","","","","","","","","","","","","","","","","","","","","","","","","","","","","","","","","","","","","","","","","","","","","","","","","","","","","","","","","","","","","","","","","","","","","","","","","","","","","","","","","","","","","","","","","","","","","","","","","","","","","","","","",""
"","","","","","","","","","","","","","","","","","","","","","","","","","","","","","","","","","","","","","","","","","","","","","","","","","","","","","","","","","","","","","","","","","","","","","","","","","","","","","","","","","","","","","","","","","","","","","","","","","","","","","","","","","","","","","","","","","","","","","","","","","","","","","","","","Zarqwa Hydroelectric","CDL Hardpoint","66","2","Lamar","Abedi","Accuracy","https://www.callofduty.com/content/dam/activision/in-game-asset/callofduty/cdl/en/headshots/66.png","TWITTER","https://twitter.com/AccuracyLA","66","192.5956573486328","4","19","9","0","0","3049","249","13","15","95","0","15","28","8","3440","377","85","6","10","5","2050","3","547984","75473.7578125","","","","","","83","4","0","0","13","0","0","2","0","0","2","3","15","1","0.54","00:00","00:00","00:00","00:00","00:00","00:00","","","","","","","","","","","","","","","","","","","","","","","","","","","","","","","","","","","","","","","","","","","","","","","","","","","","","","","","","","","","","",""
"","","","","","","","","","","","","","","","","","","","","","","","","","","","","","","","","","","","","","","","","","","","","","","","","","","","","","","","","","","","","","","","","","","","","","","","","","","","","","","","","","","","","","","","","","","","","","","","","","","","","","","","","","","","","","","","","","","","","","","","","","","","","","","","","","","","","","","","","TWITCH","https://www.twitch.tv/Accuracy","","","","","","","","","","","","","","","","","","","","","","","","","","","","","","","","","","","","","","","","","","","","","","","","","","","","","","","","","","","","","","","","","","","","","","","","","","","","","","","","","","","","","","","","","","","","","","","","","","","","","","","","","","","","","","","","","",""
"","","","","","","","","","","","","","","","","","","","","","","","","","","","","","","","","","","","","","","","","","","","","","","","","","","","","","","","","","","","","","","","","","","","","","","","","","","","","","","","","","","","","","","","","","","","","","","","","","","","","","","","","","","","","","","","","","","","","","","","","","","","","","","","","Zarqwa Hydroelectric","CDL Hardpoint","225","2","Makenzie","Kelley","Mack","https://www.callofduty.com/content/dam/activision/in-game-asset/callofduty/cdl/en/headshots/225.png","","","225","216.53042602539062","3","19","10","0","0","3341","441","21","14","96","71","17","29","6","3235","293","88","16","11","6","2210","0","547504","83374.3671875","","","","","","36","5","0","0","15","0","0","0","0","0","3","2","17","0","0.59","00:00","00:00","00:00","00:00","00:00","00:00","","","","","","","","","","","","","","","","","","","","","","","","","","","","","","","","","","","","","","","","","","","","","","","","","","","","","","","","","","","","","",""
"","","","","","","","","","","","","","","","","","","","","","","","","","","","","","","","","","","","","","","","","","","","","","","","","","","","","","","","","","","","","","","","","","","","","","","","","","","","","","","","","","","","","","","","","","","","","","","","","","","","","","","","","","","","","","","","","","","","","","","","","","","","","","","","","Zarqwa Hydroelectric","CDL Hardpoint","268","2","Daunte","Gray","Sib","https://www.callofduty.com/content/dam/activision/in-game-asset/callofduty/cdl/en/headshots/268.png","","","268","203.16458129882812","3","27","4","0","0","3507","407","25","28","96","0","22","31","9","3415","416","119","14","12","10","3223","1","534432","78139.6796875","","","","","","23","9","0","0","15","0","0","0","0","0","4","6","22","0","0.71","00:00","00:00","00:00","00:00","00:00","00:00","","","","","","","","","","","","","","","","","","","","","","","","","","","","","","","","","","","","","","","","","","","","","","","","","","","","","","","","","","","","","",""
"","","","","","","","","","","","","","","","","","","","","","","","","","","","","","","","","","","","","","","","","","","","","","","","","","","","","","","","","","","","","","","","","","","","","","","","","","","","","","","","","","","","","","","","","","","","","","","","","","","","","","","","","","","","","","","","","","","","","","","","","","","","","","","","","Zarqwa Hydroelectric","CDL Hardpoint","425","2","Amer","Zulbeari","Pred","https://www.callofduty.com/content/dam/activision/in-game-asset/callofduty/cdl/en/headshots/425.png","TWITTER","https://twitter.com/Pred_RNG","425","187.4257354736328","6","20","4","0","0","2898","409","11","16","90","68","26","24","1","3600","399","110","5","15","11","2657","28","558992","74060.234375","","","","","","25","1","0","0","18","0","1","0","0","0","6","3","26","0","1.08","00:00","00:00","00:00","00:00","00:00","00:00","","","","","","","","","","","","","","","","","","","","","","","","","","","","","","","","","","","","","","","","","","","","","","","","","","","","","","","","","","","","","",""
"","","","","","","","","","","","","","","","","","","","","","","","","","","","","","","","","","","","","","","","","","","","","","","","","","","","","","","","","","","","","","","","","","","","","","","","","","","","","","","","","","","","","","","","","","","","","","","","","","","","","","","","","","","","","","","","","","","","","","","","","","","","","","","","","","","","","","","","","TWITCH","https://www.twitch.tv/pred_ag","","","","","","","","","","","","","","","","","","","","","","","","","","","","","","","","","","","","","","","","","","","","","","","","","","","","","","","","","","","","","","","","","","","","","","","","","","","","","","","","","","","","","","","","","","","","","","","","","","","","","","","","","","","","","","","","","",""
